Team_A,Team_B,Probability,Elo_A,Elo_B,Elo_Diff,Warm_A,Warm_B,Koppen_A,Koppen_B,Climate_Zone_A,Climate_Zone_B,Is_Climate_Clash,Warm_Team,Cool_Team,Climate_Score_A,Climate_Score_B,Venue_Temp_C,Climate_Diff_Score,p_adjustment,Climate_Flag_Tier
Algeria,Austria,0.0032,1885.0,1929.0,-44.0,1,0,BWh,Dfb,Arid,Continental,1,Algeria,Austria,0.9,0.2,22.0,0.3025,0.0097,Tier 3 (Weak)
Algeria,Belgium,0.0444,1885.0,2002.0,-117.0,1,0,BWh,Cfb,Arid,Temperate,1,Algeria,Belgium,0.9,0.5,21.3,0.1417,0.0045,Tier 2 (Moderate)
Algeria,Bosnia and Herzegovina,0.0017,1885.0,1653.0,232.0,1,0,BWh,Cfb,Arid,Temperate,1,Algeria,Bosnia and Herzegovina,0.9,0.5,15.2,0.0,0.0,Tier 3 (Weak)
Algeria,Canada,0.0174,1885.0,1903.0,-18.0,1,0,BWh,Dfc,Arid,Continental,1,Algeria,Canada,0.9,0.2,20.8,0.3294,0.0105,Tier 3 (Weak)
Algeria,Croatia,0.0239,1885.0,1979.0,-94.0,1,0,BWh,Cfb,Arid,Temperate,1,Algeria,Croatia,0.9,0.5,24.6,0.2567,0.0082,Tier 3 (Weak)
Algeria,Czech Republic,0.0038,1885.0,1837.0,48.0,1,0,BWh,Dfb,Arid,Continental,1,Algeria,Czech Republic,0.9,0.2,20.8,0.1781,0.0057,Tier 3 (Weak)
Algeria,England,0.0458,1885.0,2083.0,-198.0,1,0,BWh,Cfb,Arid,Temperate,1,Algeria,England,0.9,0.5,24.9,0.309,0.0099,Tier 2 (Moderate)
Algeria,France,0.0103,1885.0,2160.0,-275.0,1,0,BWh,Cfb,Arid,Temperate,1,Algeria,France,0.9,0.5,25.4,0.3152,0.0101,Tier 3 (Weak)
Algeria,Germany,0.0057,1885.0,2032.0,-147.0,1,0,BWh,Cfb,Arid,Temperate,1,Algeria,Germany,0.9,0.5,25.9,0.314,0.01,Tier 3 (Weak)
Algeria,Netherlands,0.0054,1885.0,2006.0,-121.0,1,0,BWh,Cfb,Arid,Temperate,1,Algeria,Netherlands,0.9,0.5,23.1,0.2184,0.007,Tier 3 (Weak)
Algeria,New Zealand,0.0089,1885.0,1710.0,175.0,1,0,BWh,Cfb,Arid,Temperate,1,Algeria,New Zealand,0.9,0.5,20.6,0.0907,0.0029,Tier 3 (Weak)
Algeria,Norway,0.0042,1885.0,1994.0,-109.0,1,0,BWh,Dfc,Arid,Continental,1,Algeria,Norway,0.9,0.2,25.9,0.5495,0.0176,Tier 3 (Weak)
Algeria,Scotland,0.0016,1885.0,1857.0,28.0,1,0,BWh,Cfb,Arid,Temperate,1,Algeria,Scotland,0.9,0.5,23.1,0.2036,0.0065,Tier 3 (Weak)
Algeria,South Korea,0.0036,1885.0,1895.0,-10.0,1,0,BWh,Dwa,Arid,Continental,1,Algeria,South Korea,0.9,0.2,20.8,0.1781,0.0057,Tier 3 (Weak)
Algeria,Sweden,0.0008,1885.0,1793.0,92.0,1,0,BWh,Dfc,Arid,Continental,1,Algeria,Sweden,0.9,0.2,17.6,0.0,0.0,Tier 3 (Weak)
Algeria,Switzerland,0.0327,1885.0,1990.0,-105.0,1,0,BWh,Cfb,Arid,Temperate,1,Algeria,Switzerland,0.9,0.5,22.2,0.2306,0.0074,Tier 2 (Moderate)
Argentina,Austria,0.0175,2190.0,1929.0,261.0,1,0,Cfa,Dfb,Temperate,Continental,1,Argentina,Austria,0.5,0.2,24.0,0.2145,0.0069,Tier 3 (Weak)
Argentina,Belgium,0.1092,2190.0,2002.0,188.0,1,1,Cfa,Cfb,Temperate,Temperate,0,Argentina,Belgium,0.5,0.5,22.4,0.0,0.0,None
Argentina,Bosnia and Herzegovina,0.0028,2190.0,1653.0,537.0,1,1,Cfa,Cfb,Temperate,Temperate,0,Argentina,Bosnia and Herzegovina,0.5,0.5,22.5,0.0,0.0,None
Argentina,Canada,0.0417,2190.0,1903.0,287.0,1,0,Cfa,Dfc,Temperate,Continental,1,Argentina,Canada,0.5,0.2,21.9,0.158,0.0051,Tier 2 (Moderate)
Argentina,Croatia,0.0345,2190.0,1979.0,211.0,1,1,Cfa,Cfb,Temperate,Temperate,0,Argentina,Croatia,0.5,0.5,24.8,0.0,0.0,None
Argentina,Czech Republic,0.0111,2190.0,1837.0,353.0,1,0,Cfa,Dfb,Temperate,Continental,1,Argentina,Czech Republic,0.5,0.2,23.6,0.1864,0.006,Tier 3 (Weak)
Argentina,England,0.0784,2190.0,2083.0,107.0,1,1,Cfa,Cfb,Temperate,Temperate,0,Argentina,England,0.5,0.5,24.8,0.0,0.0,None
Argentina,France,0.0842,2190.0,2160.0,30.0,1,1,Cfa,Cfb,Temperate,Temperate,0,Argentina,France,0.5,0.5,25.2,0.0,0.0,None
Argentina,Germany,0.0528,2190.0,2032.0,158.0,1,1,Cfa,Cfb,Temperate,Temperate,0,Argentina,Germany,0.5,0.5,25.2,0.0,0.0,None
Argentina,Netherlands,0.0354,2190.0,2006.0,184.0,1,1,Cfa,Cfb,Temperate,Temperate,0,Argentina,Netherlands,0.5,0.5,25.2,0.0,0.0,None
Argentina,New Zealand,0.0527,2190.0,1710.0,480.0,1,1,Cfa,Cfb,Temperate,Temperate,0,Argentina,New Zealand,0.5,0.5,23.5,0.0,0.0,None
Argentina,Norway,0.0417,2190.0,1994.0,196.0,1,0,Cfa,Dfc,Temperate,Continental,1,Argentina,Norway,0.5,0.2,25.2,0.2397,0.0077,Tier 2 (Moderate)
Argentina,Scotland,0.0116,2190.0,1857.0,333.0,1,1,Cfa,Cfb,Temperate,Temperate,0,Argentina,Scotland,0.5,0.5,24.4,0.0,0.0,None
Argentina,South Korea,0.0132,2190.0,1895.0,295.0,1,0,Cfa,Dwa,Temperate,Continental,1,Argentina,South Korea,0.5,0.2,23.6,0.1864,0.006,Tier 3 (Weak)
Argentina,Sweden,0.0074,2190.0,1793.0,397.0,1,0,Cfa,Dfc,Temperate,Continental,1,Argentina,Sweden,0.5,0.2,24.0,0.2145,0.0069,Tier 3 (Weak)
Argentina,Switzerland,0.0895,2190.0,1990.0,200.0,1,1,Cfa,Cfb,Temperate,Temperate,0,Argentina,Switzerland,0.5,0.5,22.3,0.0,0.0,None
Australia,Austria,0.0165,1891.0,1929.0,-38.0,1,0,BWh,Dfb,Arid,Continental,1,Australia,Austria,0.9,0.2,19.8,0.2067,0.0066,Tier 3 (Weak)
Australia,Belgium,0.0796,1891.0,2002.0,-111.0,1,0,BWh,Cfb,Arid,Temperate,1,Australia,Belgium,0.9,0.5,22.9,0.2497,0.008,Tier 1 (Strong)
Australia,Bosnia and Herzegovina,0.0085,1891.0,1653.0,238.0,1,0,BWh,Cfb,Arid,Temperate,1,Australia,Bosnia and Herzegovina,0.9,0.5,17.1,0.0,0.0,Tier 3 (Weak)
Australia,Canada,0.0161,1891.0,1903.0,-12.0,1,0,BWh,Dfc,Arid,Continental,1,Australia,Canada,0.9,0.2,22.2,0.3362,0.0108,Tier 3 (Weak)
Australia,Croatia,0.0023,1891.0,1979.0,-88.0,1,0,BWh,Cfb,Arid,Temperate,1,Australia,Croatia,0.9,0.5,19.8,0.0,0.0,Tier 3 (Weak)
Australia,Czech Republic,0.0039,1891.0,1837.0,54.0,1,0,BWh,Dfb,Arid,Continental,1,Australia,Czech Republic,0.9,0.2,18.7,0.0,0.0,Tier 3 (Weak)
Australia,England,0.0069,1891.0,2083.0,-192.0,1,0,BWh,Cfb,Arid,Temperate,1,Australia,England,0.9,0.5,23.9,0.2711,0.0087,Tier 3 (Weak)
Australia,France,0.064,1891.0,2160.0,-269.0,1,0,BWh,Cfb,Arid,Temperate,1,Australia,France,0.9,0.5,23.8,0.2859,0.0091,Tier 2 (Moderate)
Australia,Germany,0.0446,1891.0,2032.0,-141.0,1,0,BWh,Cfb,Arid,Temperate,1,Australia,Germany,0.9,0.5,23.8,0.2856,0.0091,Tier 2 (Moderate)
Australia,Netherlands,0.014,1891.0,2006.0,-115.0,1,0,BWh,Cfb,Arid,Temperate,1,Australia,Netherlands,0.9,0.5,22.4,0.2131,0.0068,Tier 3 (Weak)
Australia,New Zealand,0.0567,1891.0,1710.0,181.0,1,0,BWh,Cfb,Arid,Temperate,1,Australia,New Zealand,0.9,0.5,18.8,0.1152,0.0037,Tier 2 (Moderate)
Australia,Norway,0.0379,1891.0,1994.0,-103.0,1,0,BWh,Dfc,Arid,Continental,1,Australia,Norway,0.9,0.2,24.0,0.4925,0.0158,Tier 2 (Moderate)
Australia,Scotland,0.0015,1891.0,1857.0,34.0,1,0,BWh,Cfb,Arid,Temperate,1,Australia,Scotland,0.9,0.5,22.9,0.1815,0.0058,Tier 3 (Weak)
Australia,South Korea,0.004,1891.0,1895.0,-4.0,1,0,BWh,Dwa,Arid,Continental,1,Australia,South Korea,0.9,0.2,18.7,0.0,0.0,Tier 3 (Weak)
Australia,Sweden,0.0099,1891.0,1793.0,98.0,1,0,BWh,Dfc,Arid,Continental,1,Australia,Sweden,0.9,0.2,16.1,0.0,0.0,Tier 3 (Weak)
Australia,Switzerland,0.0208,1891.0,1990.0,-99.0,1,0,BWh,Cfb,Arid,Temperate,1,Australia,Switzerland,0.9,0.5,22.2,0.1921,0.0061,Tier 3 (Weak)
Brazil,Austria,0.01,2081.0,1929.0,152.0,1,0,Am,Dfb,Tropical,Continental,1,Brazil,Austria,1.0,0.2,25.0,0.6305,0.0202,Tier 3 (Weak)
Brazil,Belgium,0.0171,2081.0,2002.0,79.0,1,0,Am,Cfb,Tropical,Temperate,1,Brazil,Belgium,1.0,0.5,24.9,0.3729,0.0119,Tier 3 (Weak)
Brazil,Bosnia and Herzegovina,0.0096,2081.0,1653.0,428.0,1,0,Am,Cfb,Tropical,Temperate,1,Brazil,Bosnia and Herzegovina,1.0,0.5,24.3,0.2527,0.0081,Tier 3 (Weak)
Brazil,Canada,0.0469,2081.0,1903.0,178.0,1,0,Am,Dfc,Tropical,Continental,1,Brazil,Canada,1.0,0.2,24.9,0.5954,0.0191,Tier 2 (Moderate)
Brazil,Croatia,0.0202,2081.0,1979.0,102.0,1,0,Am,Cfb,Tropical,Temperate,1,Brazil,Croatia,1.0,0.5,25.0,0.3941,0.0126,Tier 3 (Weak)
Brazil,Czech Republic,0.0461,2081.0,1837.0,244.0,1,0,Am,Dfb,Tropical,Continental,1,Brazil,Czech Republic,1.0,0.2,24.1,0.5086,0.0163,Tier 2 (Moderate)
Brazil,England,0.0778,2081.0,2083.0,-2.0,1,0,Am,Cfb,Tropical,Temperate,1,Brazil,England,1.0,0.5,25.0,0.3941,0.0126,Tier 1 (Strong)
Brazil,France,0.168,2081.0,2160.0,-79.0,1,0,Am,Cfb,Tropical,Temperate,1,Brazil,France,1.0,0.5,25.2,0.4095,0.0131,Tier 1 (Strong)
Brazil,Germany,0.1319,2081.0,2032.0,49.0,1,0,Am,Cfb,Tropical,Temperate,1,Brazil,Germany,1.0,0.5,24.4,0.3682,0.0118,Tier 1 (Strong)
Brazil,Netherlands,0.3101,2081.0,2006.0,75.0,1,0,Am,Cfb,Tropical,Temperate,1,Brazil,Netherlands,1.0,0.5,25.2,0.3598,0.0115,Tier 1 (Strong)
Brazil,New Zealand,0.0008,2081.0,1710.0,371.0,1,0,Am,Cfb,Tropical,Temperate,1,Brazil,New Zealand,1.0,0.5,25.4,0.4536,0.0145,Tier 3 (Weak)
Brazil,Norway,0.117,2081.0,1994.0,87.0,1,0,Am,Dfc,Tropical,Continental,1,Brazil,Norway,1.0,0.2,25.2,0.6552,0.021,Tier 1 (Strong)
Brazil,Scotland,0.0109,2081.0,1857.0,224.0,1,0,Am,Cfb,Tropical,Temperate,1,Brazil,Scotland,1.0,0.5,24.7,0.3504,0.0112,Tier 3 (Weak)
Brazil,South Korea,0.0448,2081.0,1895.0,186.0,1,0,Am,Dwa,Tropical,Continental,1,Brazil,South Korea,1.0,0.2,24.1,0.5086,0.0163,Tier 2 (Moderate)
Brazil,Sweden,0.1177,2081.0,1793.0,288.0,1,0,Am,Dfc,Tropical,Continental,1,Brazil,Sweden,1.0,0.2,25.1,0.4846,0.0155,Tier 1 (Strong)
Brazil,Switzerland,0.0408,2081.0,1990.0,91.0,1,0,Am,Cfb,Tropical,Temperate,1,Brazil,Switzerland,1.0,0.5,24.9,0.3722,0.0119,Tier 2 (Moderate)
Cape Verde,Austria,0.0099,1660.0,1929.0,-269.0,1,0,BWh,Dfb,Arid,Continental,1,Cape Verde,Austria,0.9,0.2,23.9,0.3563,0.0114,Tier 3 (Weak)
Cape Verde,Belgium,0.0206,1660.0,2002.0,-342.0,1,0,BWh,Cfb,Arid,Temperate,1,Cape Verde,Belgium,0.9,0.5,22.8,0.1815,0.0058,Tier 3 (Weak)
Cape Verde,Croatia,0.0079,1660.0,1979.0,-319.0,1,0,BWh,Cfb,Arid,Temperate,1,Cape Verde,Croatia,0.9,0.5,23.8,0.2567,0.0082,Tier 3 (Weak)
Cape Verde,Czech Republic,0.0092,1660.0,1837.0,-177.0,1,0,BWh,Dfb,Arid,Continental,1,Cape Verde,Czech Republic,0.9,0.2,17.6,0.0,0.0,Tier 3 (Weak)
Cape Verde,England,0.0268,1660.0,2083.0,-423.0,1,0,BWh,Cfb,Arid,Temperate,1,Cape Verde,England,0.9,0.5,21.5,0.1815,0.0058,Tier 3 (Weak)
Cape Verde,France,0.0168,1660.0,2160.0,-500.0,1,0,BWh,Cfb,Arid,Temperate,1,Cape Verde,France,0.9,0.5,28.2,0.4036,0.0129,Tier 3 (Weak)
Cape Verde,Germany,0.0021,1660.0,2032.0,-372.0,1,0,BWh,Cfb,Arid,Temperate,1,Cape Verde,Germany,0.9,0.5,25.5,0.3643,0.0117,Tier 3 (Weak)
Cape Verde,Netherlands,0.0005,1660.0,2006.0,-346.0,1,0,BWh,Cfb,Arid,Temperate,1,Cape Verde,Netherlands,0.9,0.5,17.1,0.0,0.0,Tier 3 (Weak)
Cape Verde,New Zealand,0.0055,1660.0,1710.0,-50.0,1,0,BWh,Cfb,Arid,Temperate,1,Cape Verde,New Zealand,0.9,0.5,22.8,0.1815,0.0058,Tier 3 (Weak)
Cape Verde,Norway,0.0088,1660.0,1994.0,-334.0,1,0,BWh,Dfc,Arid,Continental,1,Cape Verde,Norway,0.9,0.2,28.2,0.7063,0.0226,Tier 3 (Weak)
Cape Verde,South Korea,0.0068,1660.0,1895.0,-235.0,1,0,BWh,Dwa,Arid,Continental,1,Cape Verde,South Korea,0.9,0.2,17.6,0.0,0.0,Tier 3 (Weak)
Cape Verde,Switzerland,0.001,1660.0,1990.0,-330.0,1,0,BWh,Cfb,Arid,Temperate,1,Cape Verde,Switzerland,0.9,0.5,24.2,0.3457,0.0111,Tier 3 (Weak)
Colombia,Austria,0.0611,2083.0,1929.0,154.0,1,0,Af,Dfb,Tropical,Continental,1,Colombia,Austria,1.0,0.2,23.9,0.5593,0.0179,Tier 2 (Moderate)
Colombia,Belgium,0.0419,2083.0,2002.0,81.0,1,0,Af,Cfb,Tropical,Temperate,1,Colombia,Belgium,1.0,0.5,21.9,0.2668,0.0085,Tier 2 (Moderate)
Colombia,Bosnia and Herzegovina,0.0064,2083.0,1653.0,430.0,1,0,Af,Cfb,Tropical,Temperate,1,Colombia,Bosnia and Herzegovina,1.0,0.5,17.5,0.0,0.0,Tier 3 (Weak)
Colombia,Canada,0.0644,2083.0,1903.0,180.0,1,0,Af,Dfc,Tropical,Continental,1,Colombia,Canada,1.0,0.2,22.8,0.4514,0.0144,Tier 2 (Moderate)
Colombia,Croatia,0.1474,2083.0,1979.0,104.0,1,0,Af,Cfb,Tropical,Temperate,1,Colombia,Croatia,1.0,0.5,24.8,0.3848,0.0123,Tier 1 (Strong)
Colombia,Czech Republic,0.0085,2083.0,1837.0,246.0,1,0,Af,Dfb,Tropical,Continental,1,Colombia,Czech Republic,1.0,0.2,23.6,0.4971,0.0159,Tier 3 (Weak)
Colombia,England,0.1394,2083.0,2083.0,0.0,1,0,Af,Cfb,Tropical,Temperate,1,Colombia,England,1.0,0.5,24.8,0.3848,0.0123,Tier 1 (Strong)
Colombia,France,0.0637,2083.0,2160.0,-77.0,1,0,Af,Cfb,Tropical,Temperate,1,Colombia,France,1.0,0.5,24.4,0.358,0.0115,Tier 2 (Moderate)
Colombia,Germany,0.0625,2083.0,2032.0,51.0,1,0,Af,Cfb,Tropical,Temperate,1,Colombia,Germany,1.0,0.5,24.4,0.358,0.0115,Tier 2 (Moderate)
Colombia,Netherlands,0.0276,2083.0,2006.0,77.0,1,0,Af,Cfb,Tropical,Temperate,1,Colombia,Netherlands,1.0,0.5,23.1,0.2955,0.0095,Tier 3 (Weak)
Colombia,New Zealand,0.0132,2083.0,1710.0,373.0,1,0,Af,Cfb,Tropical,Temperate,1,Colombia,New Zealand,1.0,0.5,19.7,0.144,0.0046,Tier 3 (Weak)
Colombia,Norway,0.0538,2083.0,1994.0,89.0,1,0,Af,Dfc,Tropical,Continental,1,Colombia,Norway,1.0,0.2,24.4,0.5729,0.0183,Tier 2 (Moderate)
Colombia,Scotland,0.0079,2083.0,1857.0,226.0,1,0,Af,Cfb,Tropical,Temperate,1,Colombia,Scotland,1.0,0.5,25.0,0.3941,0.0126,Tier 3 (Weak)
Colombia,South Korea,0.0098,2083.0,1895.0,188.0,1,0,Af,Dwa,Tropical,Continental,1,Colombia,South Korea,1.0,0.2,23.6,0.4971,0.0159,Tier 3 (Weak)
Colombia,Sweden,0.0108,2083.0,1793.0,290.0,1,0,Af,Dfc,Tropical,Continental,1,Colombia,Sweden,1.0,0.2,21.2,0.3051,0.0098,Tier 3 (Weak)
Colombia,Switzerland,0.1338,2083.0,1990.0,93.0,1,0,Af,Cfb,Tropical,Temperate,1,Colombia,Switzerland,1.0,0.5,23.2,0.3107,0.0099,Tier 1 (Strong)
Curaçao,Belgium,0.0255,1595.0,2002.0,-407.0,1,0,BSh,Cfb,Arid,Temperate,1,Curaçao,Belgium,0.9,0.5,18.6,0.0,0.0,Tier 3 (Weak)
Curaçao,Bosnia and Herzegovina,0.0022,1595.0,1653.0,-58.0,1,0,BSh,Cfb,Arid,Temperate,1,Curaçao,Bosnia and Herzegovina,0.9,0.5,21.8,0.2021,0.0065,Tier 3 (Weak)
Curaçao,Canada,0.0124,1595.0,1903.0,-308.0,1,0,BSh,Dfc,Arid,Continental,1,Curaçao,Canada,0.9,0.2,19.6,0.2358,0.0075,Tier 3 (Weak)
Curaçao,Croatia,0.009,1595.0,1979.0,-384.0,1,0,BSh,Cfb,Arid,Temperate,1,Curaçao,Croatia,0.9,0.5,20.9,0.121,0.0039,Tier 3 (Weak)
Curaçao,Czech Republic,0.0108,1595.0,1837.0,-242.0,1,0,BSh,Dfb,Arid,Continental,1,Curaçao,Czech Republic,0.9,0.2,21.2,0.2358,0.0075,Tier 3 (Weak)
Curaçao,England,0.0306,1595.0,2083.0,-488.0,1,0,BSh,Cfb,Arid,Temperate,1,Curaçao,England,0.9,0.5,23.7,0.2543,0.0081,Tier 2 (Moderate)
Curaçao,France,0.0258,1595.0,2160.0,-565.0,1,0,BSh,Cfb,Arid,Temperate,1,Curaçao,France,0.9,0.5,24.5,0.35,0.0112,Tier 3 (Weak)
Curaçao,Germany,0.0012,1595.0,2032.0,-437.0,1,0,BSh,Cfb,Arid,Temperate,1,Curaçao,Germany,0.9,0.5,28.0,0.4,0.0128,Tier 3 (Weak)
Curaçao,Netherlands,0.0033,1595.0,2006.0,-411.0,1,0,BSh,Cfb,Arid,Temperate,1,Curaçao,Netherlands,0.9,0.5,25.4,0.3629,0.0116,Tier 3 (Weak)
Curaçao,New Zealand,0.0054,1595.0,1710.0,-115.0,1,0,BSh,Cfb,Arid,Temperate,1,Curaçao,New Zealand,0.9,0.5,18.6,0.0,0.0,Tier 3 (Weak)
Curaçao,Norway,0.0303,1595.0,1994.0,-399.0,1,0,BSh,Dfc,Arid,Continental,1,Curaçao,Norway,0.9,0.2,24.5,0.6125,0.0196,Tier 2 (Moderate)
Curaçao,Scotland,0.0028,1595.0,1857.0,-262.0,1,0,BSh,Cfb,Arid,Temperate,1,Curaçao,Scotland,0.9,0.5,25.4,0.3629,0.0116,Tier 3 (Weak)
Curaçao,South Korea,0.0093,1595.0,1895.0,-300.0,1,0,BSh,Dwa,Arid,Continental,1,Curaçao,South Korea,0.9,0.2,21.2,0.2358,0.0075,Tier 3 (Weak)
Curaçao,Sweden,0.0017,1595.0,1793.0,-198.0,1,0,BSh,Dfc,Arid,Continental,1,Curaçao,Sweden,0.9,0.2,25.4,0.635,0.0203,Tier 3 (Weak)
Curaçao,Switzerland,0.0227,1595.0,1990.0,-395.0,1,0,BSh,Cfb,Arid,Temperate,1,Curaçao,Switzerland,0.9,0.5,15.2,0.0,0.0,Tier 3 (Weak)
DR Congo,Austria,0.0056,1774.0,1929.0,-155.0,1,0,Am,Dfb,Tropical,Continental,1,DR Congo,Austria,1.0,0.2,28.2,0.8072,0.0258,Tier 3 (Weak)
DR Congo,Belgium,0.0022,1774.0,2002.0,-228.0,1,0,Am,Cfb,Tropical,Temperate,1,DR Congo,Belgium,1.0,0.5,19.8,0.0,0.0,Tier 3 (Weak)
DR Congo,Canada,0.0021,1774.0,1903.0,-129.0,1,0,Am,Dfc,Tropical,Continental,1,DR Congo,Canada,1.0,0.2,15.2,0.0,0.0,Tier 3 (Weak)
DR Congo,Croatia,0.0505,1774.0,1979.0,-205.0,1,0,Am,Cfb,Tropical,Temperate,1,DR Congo,Croatia,1.0,0.5,24.4,0.3179,0.0102,Tier 2 (Moderate)
DR Congo,Czech Republic,0.0018,1774.0,1837.0,-63.0,1,0,Am,Dfb,Tropical,Continental,1,DR Congo,Czech Republic,1.0,0.2,17.6,0.0,0.0,Tier 3 (Weak)
DR Congo,England,0.0639,1774.0,2083.0,-309.0,1,0,Am,Cfb,Tropical,Temperate,1,DR Congo,England,1.0,0.5,24.4,0.3179,0.0102,Tier 2 (Moderate)
DR Congo,France,0.003,1774.0,2160.0,-386.0,1,0,Am,Cfb,Tropical,Temperate,1,DR Congo,France,1.0,0.5,28.2,0.503,0.0161,Tier 3 (Weak)
DR Congo,Germany,0.0032,1774.0,2032.0,-258.0,1,0,Am,Cfb,Tropical,Temperate,1,DR Congo,Germany,1.0,0.5,23.7,0.3333,0.0107,Tier 3 (Weak)
DR Congo,Netherlands,0.0006,1774.0,2006.0,-232.0,1,0,Am,Cfb,Tropical,Temperate,1,DR Congo,Netherlands,1.0,0.5,17.6,0.0,0.0,Tier 3 (Weak)
DR Congo,Norway,0.0024,1774.0,1994.0,-220.0,1,0,Am,Dfc,Tropical,Continental,1,DR Congo,Norway,1.0,0.2,28.0,0.8,0.0256,Tier 3 (Weak)
DR Congo,Scotland,0.0009,1774.0,1857.0,-83.0,1,0,Am,Cfb,Tropical,Temperate,1,DR Congo,Scotland,1.0,0.5,17.6,0.0,0.0,Tier 3 (Weak)
DR Congo,South Korea,0.0014,1774.0,1895.0,-121.0,1,0,Am,Dwa,Tropical,Continental,1,DR Congo,South Korea,1.0,0.2,17.6,0.0,0.0,Tier 3 (Weak)
DR Congo,Sweden,0.0006,1774.0,1793.0,-19.0,1,0,Am,Dfc,Tropical,Continental,1,DR Congo,Sweden,1.0,0.2,17.6,0.0,0.0,Tier 3 (Weak)
DR Congo,Switzerland,0.0054,1774.0,1990.0,-216.0,1,0,Am,Cfb,Tropical,Temperate,1,DR Congo,Switzerland,1.0,0.5,15.2,0.0,0.0,Tier 3 (Weak)
Ecuador,Austria,0.0075,2033.0,1929.0,104.0,1,0,Af,Dfb,Tropical,Continental,1,Ecuador,Austria,1.0,0.2,25.4,0.6305,0.0202,Tier 3 (Weak)
Ecuador,Belgium,0.056,2033.0,2002.0,31.0,1,0,Af,Cfb,Tropical,Temperate,1,Ecuador,Belgium,1.0,0.5,23.6,0.3384,0.0108,Tier 2 (Moderate)
Ecuador,Bosnia and Herzegovina,0.0273,2033.0,1653.0,380.0,1,0,Af,Cfb,Tropical,Temperate,1,Ecuador,Bosnia and Herzegovina,1.0,0.5,21.3,0.1685,0.0054,Tier 3 (Weak)
Ecuador,Canada,0.0566,2033.0,1903.0,130.0,1,0,Af,Dfc,Tropical,Continental,1,Ecuador,Canada,1.0,0.2,22.9,0.4739,0.0152,Tier 2 (Moderate)
Ecuador,Croatia,0.0251,2033.0,1979.0,54.0,1,0,Af,Cfb,Tropical,Temperate,1,Ecuador,Croatia,1.0,0.5,23.4,0.3131,0.01,Tier 3 (Weak)
Ecuador,Czech Republic,0.063,2033.0,1837.0,196.0,1,0,Af,Dfb,Tropical,Continental,1,Ecuador,Czech Republic,1.0,0.2,23.1,0.4295,0.0137,Tier 2 (Moderate)
Ecuador,England,0.0817,2033.0,2083.0,-50.0,1,0,Af,Cfb,Tropical,Temperate,1,Ecuador,England,1.0,0.5,24.4,0.3522,0.0113,Tier 1 (Strong)
Ecuador,France,0.2631,2033.0,2160.0,-127.0,1,0,Af,Cfb,Tropical,Temperate,1,Ecuador,France,1.0,0.5,25.4,0.4538,0.0145,Tier 1 (Strong)
Ecuador,Germany,0.0216,2033.0,2032.0,1.0,1,0,Af,Cfb,Tropical,Temperate,1,Ecuador,Germany,1.0,0.5,26.5,0.4729,0.0151,Tier 3 (Weak)
Ecuador,Netherlands,0.0819,2033.0,2006.0,27.0,1,0,Af,Cfb,Tropical,Temperate,1,Ecuador,Netherlands,1.0,0.5,25.2,0.4091,0.0131,Tier 1 (Strong)
Ecuador,New Zealand,0.0128,2033.0,1710.0,323.0,1,0,Af,Cfb,Tropical,Temperate,1,Ecuador,New Zealand,1.0,0.5,22.0,0.2593,0.0083,Tier 3 (Weak)
Ecuador,Norway,0.1949,2033.0,1994.0,39.0,1,0,Af,Dfc,Tropical,Continental,1,Ecuador,Norway,1.0,0.2,25.4,0.7261,0.0232,Tier 1 (Strong)
Ecuador,Scotland,0.0673,2033.0,1857.0,176.0,1,0,Af,Cfb,Tropical,Temperate,1,Ecuador,Scotland,1.0,0.5,24.7,0.3885,0.0124,Tier 2 (Moderate)
Ecuador,South Korea,0.0625,2033.0,1895.0,138.0,1,0,Af,Dwa,Tropical,Continental,1,Ecuador,South Korea,1.0,0.2,23.1,0.4295,0.0137,Tier 2 (Moderate)
Ecuador,Sweden,0.04,2033.0,1793.0,240.0,1,0,Af,Dfc,Tropical,Continental,1,Ecuador,Sweden,1.0,0.2,25.0,0.6181,0.0198,Tier 2 (Moderate)
Ecuador,Switzerland,0.0696,2033.0,1990.0,43.0,1,0,Af,Cfb,Tropical,Temperate,1,Ecuador,Switzerland,1.0,0.5,22.9,0.2962,0.0095,Tier 2 (Moderate)
Egypt,Austria,0.0124,1818.0,1929.0,-111.0,1,0,BWh,Dfb,Arid,Continental,1,Egypt,Austria,0.9,0.2,21.3,0.248,0.0079,Tier 3 (Weak)
Egypt,Belgium,0.0015,1818.0,2002.0,-184.0,1,0,BWh,Cfb,Arid,Temperate,1,Egypt,Belgium,0.9,0.5,26.1,0.3729,0.0119,Tier 3 (Weak)
Egypt,Bosnia and Herzegovina,0.0036,1818.0,1653.0,165.0,1,0,BWh,Cfb,Arid,Temperate,1,Egypt,Bosnia and Herzegovina,0.9,0.5,16.1,0.0,0.0,Tier 3 (Weak)
Egypt,Canada,0.02,1818.0,1903.0,-85.0,1,0,BWh,Dfc,Arid,Continental,1,Egypt,Canada,0.9,0.2,19.2,0.1512,0.0048,Tier 3 (Weak)
Egypt,Croatia,0.0028,1818.0,1979.0,-161.0,1,0,BWh,Cfb,Arid,Temperate,1,Egypt,Croatia,0.9,0.5,19.7,0.1152,0.0037,Tier 3 (Weak)
Egypt,Czech Republic,0.01,1818.0,1837.0,-19.0,1,0,BWh,Dfb,Arid,Continental,1,Egypt,Czech Republic,0.9,0.2,20.1,0.0,0.0,Tier 3 (Weak)
Egypt,England,0.0039,1818.0,2083.0,-265.0,1,0,BWh,Cfb,Arid,Temperate,1,Egypt,England,0.9,0.5,24.4,0.2543,0.0081,Tier 3 (Weak)
Egypt,France,0.039,1818.0,2160.0,-342.0,1,0,BWh,Cfb,Arid,Temperate,1,Egypt,France,0.9,0.5,24.3,0.2805,0.009,Tier 2 (Moderate)
Egypt,Germany,0.0148,1818.0,2032.0,-214.0,1,0,BWh,Cfb,Arid,Temperate,1,Egypt,Germany,0.9,0.5,23.8,0.2635,0.0084,Tier 3 (Weak)
Egypt,Netherlands,0.0038,1818.0,2006.0,-188.0,1,0,BWh,Cfb,Arid,Temperate,1,Egypt,Netherlands,0.9,0.5,23.5,0.2018,0.0065,Tier 3 (Weak)
Egypt,Norway,0.0256,1818.0,1994.0,-176.0,1,0,BWh,Dfc,Arid,Continental,1,Egypt,Norway,0.9,0.2,23.9,0.4421,0.0141,Tier 3 (Weak)
Egypt,South Korea,0.0109,1818.0,1895.0,-77.0,1,0,BWh,Dwa,Arid,Continental,1,Egypt,South Korea,0.9,0.2,21.6,0.2875,0.0092,Tier 3 (Weak)
Egypt,Sweden,0.0014,1818.0,1793.0,25.0,1,0,BWh,Dfc,Arid,Continental,1,Egypt,Sweden,0.9,0.2,17.1,0.0,0.0,Tier 3 (Weak)
Egypt,Switzerland,0.0375,1818.0,1990.0,-172.0,1,0,BWh,Cfb,Arid,Temperate,1,Egypt,Switzerland,0.9,0.5,18.8,0.1152,0.0037,Tier 2 (Moderate)
Ghana,Austria,0.0038,1662.0,1929.0,-267.0,1,0,Aw,Dfb,Tropical,Continental,1,Ghana,Austria,1.0,0.2,26.9,0.77,0.0246,Tier 3 (Weak)
Ghana,Belgium,0.0012,1662.0,2002.0,-340.0,1,0,Aw,Cfb,Tropical,Temperate,1,Ghana,Belgium,1.0,0.5,19.8,0.0,0.0,Tier 3 (Weak)
Ghana,Canada,0.0013,1662.0,1903.0,-241.0,1,0,Aw,Dfc,Tropical,Continental,1,Ghana,Canada,1.0,0.2,15.2,0.0,0.0,Tier 3 (Weak)
Ghana,Czech Republic,0.001,1662.0,1837.0,-175.0,1,0,Aw,Dfb,Tropical,Continental,1,Ghana,Czech Republic,1.0,0.2,17.6,0.0,0.0,Tier 3 (Weak)
Ghana,France,0.0008,1662.0,2160.0,-498.0,1,0,Aw,Cfb,Tropical,Temperate,1,Ghana,France,1.0,0.5,25.4,0.4536,0.0145,Tier 3 (Weak)
Ghana,Germany,0.0014,1662.0,2032.0,-370.0,1,0,Aw,Cfb,Tropical,Temperate,1,Ghana,Germany,1.0,0.5,25.4,0.4536,0.0145,Tier 3 (Weak)
Ghana,Norway,0.0013,1662.0,1994.0,-332.0,1,0,Aw,Dfc,Tropical,Continental,1,Ghana,Norway,1.0,0.2,25.4,0.7257,0.0232,Tier 3 (Weak)
Ghana,South Korea,0.0009,1662.0,1895.0,-233.0,1,0,Aw,Dwa,Tropical,Continental,1,Ghana,South Korea,1.0,0.2,17.6,0.0,0.0,Tier 3 (Weak)
Ghana,Switzerland,0.0029,1662.0,1990.0,-328.0,1,0,Aw,Cfb,Tropical,Temperate,1,Ghana,Switzerland,1.0,0.5,15.2,0.0,0.0,Tier 3 (Weak)
Haiti,Bosnia and Herzegovina,0.0015,1661.0,1653.0,8.0,1,0,Aw,Cfb,Tropical,Temperate,1,Haiti,Bosnia and Herzegovina,1.0,0.5,28.3,0.5054,0.0162,Tier 3 (Weak)
Haiti,Canada,0.0072,1661.0,1903.0,-242.0,1,0,Aw,Dfc,Tropical,Continental,1,Haiti,Canada,1.0,0.2,28.3,0.8086,0.0259,Tier 3 (Weak)
Haiti,Croatia,0.0015,1661.0,1979.0,-318.0,1,0,Aw,Cfb,Tropical,Temperate,1,Haiti,Croatia,1.0,0.5,17.6,0.0,0.0,Tier 3 (Weak)
Haiti,Czech Republic,0.0135,1661.0,1837.0,-176.0,1,0,Aw,Dfb,Tropical,Continental,1,Haiti,Czech Republic,1.0,0.2,23.0,0.4043,0.0129,Tier 3 (Weak)
Haiti,England,0.0051,1661.0,2083.0,-422.0,1,0,Aw,Cfb,Tropical,Temperate,1,Haiti,England,1.0,0.5,17.6,0.0,0.0,Tier 3 (Weak)
Haiti,France,0.0284,1661.0,2160.0,-499.0,1,0,Aw,Cfb,Tropical,Temperate,1,Haiti,France,1.0,0.5,24.5,0.3643,0.0117,Tier 3 (Weak)
Haiti,Germany,0.0159,1661.0,2032.0,-371.0,1,0,Aw,Cfb,Tropical,Temperate,1,Haiti,Germany,1.0,0.5,23.5,0.3295,0.0105,Tier 3 (Weak)
Haiti,Netherlands,0.0553,1661.0,2006.0,-345.0,1,0,Aw,Cfb,Tropical,Temperate,1,Haiti,Netherlands,1.0,0.5,23.1,0.1714,0.0055,Tier 2 (Moderate)
Haiti,Norway,0.0137,1661.0,1994.0,-333.0,1,0,Aw,Dfc,Tropical,Continental,1,Haiti,Norway,1.0,0.2,23.6,0.5286,0.0169,Tier 3 (Weak)
Haiti,Scotland,0.0005,1661.0,1857.0,-196.0,1,0,Aw,Cfb,Tropical,Temperate,1,Haiti,Scotland,1.0,0.5,20.3,0.0,0.0,Tier 3 (Weak)
Haiti,South Korea,0.0114,1661.0,1895.0,-234.0,1,0,Aw,Dwa,Tropical,Continental,1,Haiti,South Korea,1.0,0.2,23.0,0.4043,0.0129,Tier 3 (Weak)
Haiti,Sweden,0.0103,1661.0,1793.0,-132.0,1,0,Aw,Dfc,Tropical,Continental,1,Haiti,Sweden,1.0,0.2,24.6,0.4114,0.0132,Tier 3 (Weak)
Haiti,Switzerland,0.0044,1661.0,1990.0,-329.0,1,0,Aw,Cfb,Tropical,Temperate,1,Haiti,Switzerland,1.0,0.5,28.3,0.5054,0.0162,Tier 3 (Weak)
Iran,Austria,0.0183,1893.0,1929.0,-36.0,1,0,BWh,Dfb,Arid,Continental,1,Iran,Austria,0.9,0.2,21.3,0.248,0.0079,Tier 3 (Weak)
Iran,Belgium,0.0029,1893.0,2002.0,-109.0,1,0,BWh,Cfb,Arid,Temperate,1,Iran,Belgium,0.9,0.5,24.9,0.3557,0.0114,Tier 3 (Weak)
Iran,Bosnia and Herzegovina,0.0042,1893.0,1653.0,240.0,1,0,BWh,Cfb,Arid,Temperate,1,Iran,Bosnia and Herzegovina,0.9,0.5,16.1,0.0,0.0,Tier 3 (Weak)
Iran,Canada,0.0252,1893.0,1903.0,-10.0,1,0,BWh,Dfc,Arid,Continental,1,Iran,Canada,0.9,0.2,22.3,0.3704,0.0119,Tier 3 (Weak)
Iran,Croatia,0.0046,1893.0,1979.0,-86.0,1,0,BWh,Cfb,Arid,Temperate,1,Iran,Croatia,0.9,0.5,21.1,0.1772,0.0057,Tier 3 (Weak)
Iran,Czech Republic,0.0149,1893.0,1837.0,56.0,1,0,BWh,Dfb,Arid,Continental,1,Iran,Czech Republic,0.9,0.2,21.1,0.1917,0.0061,Tier 3 (Weak)
Iran,England,0.0081,1893.0,2083.0,-190.0,1,0,BWh,Cfb,Arid,Temperate,1,Iran,England,0.9,0.5,22.2,0.2169,0.0069,Tier 3 (Weak)
Iran,France,0.0489,1893.0,2160.0,-267.0,1,0,BWh,Cfb,Arid,Temperate,1,Iran,France,0.9,0.5,24.3,0.2805,0.009,Tier 2 (Moderate)
Iran,Germany,0.0212,1893.0,2032.0,-139.0,1,0,BWh,Cfb,Arid,Temperate,1,Iran,Germany,0.9,0.5,23.6,0.2707,0.0087,Tier 3 (Weak)
Iran,Netherlands,0.0077,1893.0,2006.0,-113.0,1,0,BWh,Cfb,Arid,Temperate,1,Iran,Netherlands,0.9,0.5,23.7,0.2624,0.0084,Tier 3 (Weak)
Iran,New Zealand,0.0006,1893.0,1710.0,183.0,1,0,BWh,Cfb,Arid,Temperate,1,Iran,New Zealand,0.9,0.5,24.2,0.3457,0.0111,Tier 3 (Weak)
Iran,Norway,0.0315,1893.0,1994.0,-101.0,1,0,BWh,Dfc,Arid,Continental,1,Iran,Norway,0.9,0.2,24.5,0.4807,0.0154,Tier 2 (Moderate)
Iran,Scotland,0.001,1893.0,1857.0,36.0,1,0,BWh,Cfb,Arid,Temperate,1,Iran,Scotland,0.9,0.5,24.4,0.2036,0.0065,Tier 3 (Weak)
Iran,South Korea,0.0148,1893.0,1895.0,-2.0,1,0,BWh,Dwa,Arid,Continental,1,Iran,South Korea,0.9,0.2,21.1,0.1917,0.0061,Tier 3 (Weak)
Iran,Sweden,0.0022,1893.0,1793.0,100.0,1,0,BWh,Dfc,Arid,Continental,1,Iran,Sweden,0.9,0.2,17.1,0.0,0.0,Tier 3 (Weak)
Iran,Switzerland,0.0468,1893.0,1990.0,-97.0,1,0,BWh,Cfb,Arid,Temperate,1,Iran,Switzerland,0.9,0.5,22.2,0.1921,0.0061,Tier 2 (Moderate)
Iraq,Belgium,0.0294,1727.0,2002.0,-275.0,1,0,BWh,Cfb,Arid,Temperate,1,Iraq,Belgium,0.9,0.5,22.5,0.1882,0.006,Tier 3 (Weak)
Iraq,Bosnia and Herzegovina,0.0017,1727.0,1653.0,74.0,1,0,BWh,Cfb,Arid,Temperate,1,Iraq,Bosnia and Herzegovina,0.9,0.5,15.2,0.0,0.0,Tier 3 (Weak)
Iraq,Canada,0.0127,1727.0,1903.0,-176.0,1,0,BWh,Dfc,Arid,Continental,1,Iraq,Canada,0.9,0.2,15.2,0.0,0.0,Tier 3 (Weak)
Iraq,Croatia,0.0108,1727.0,1979.0,-252.0,1,0,BWh,Cfb,Arid,Temperate,1,Iraq,Croatia,0.9,0.5,22.7,0.1907,0.0061,Tier 3 (Weak)
Iraq,Czech Republic,0.0112,1727.0,1837.0,-110.0,1,0,BWh,Dfb,Arid,Continental,1,Iraq,Czech Republic,0.9,0.2,20.1,0.175,0.0056,Tier 3 (Weak)
Iraq,England,0.0361,1727.0,2083.0,-356.0,1,0,BWh,Cfb,Arid,Temperate,1,Iraq,England,0.9,0.5,23.2,0.2252,0.0072,Tier 2 (Moderate)
Iraq,France,0.0033,1727.0,2160.0,-433.0,1,0,BWh,Cfb,Arid,Temperate,1,Iraq,France,0.9,0.5,28.2,0.4024,0.0129,Tier 3 (Weak)
Iraq,Germany,0.0437,1727.0,2032.0,-305.0,1,0,BWh,Cfb,Arid,Temperate,1,Iraq,Germany,0.9,0.5,24.5,0.35,0.0112,Tier 2 (Moderate)
Iraq,Netherlands,0.0054,1727.0,2006.0,-279.0,1,0,BWh,Cfb,Arid,Temperate,1,Iraq,Netherlands,0.9,0.5,26.3,0.3762,0.012,Tier 3 (Weak)
Iraq,New Zealand,0.0062,1727.0,1710.0,17.0,1,0,BWh,Cfb,Arid,Temperate,1,Iraq,New Zealand,0.9,0.5,21.9,0.1357,0.0043,Tier 3 (Weak)
Iraq,Norway,0.0018,1727.0,1994.0,-267.0,1,0,BWh,Dfc,Arid,Continental,1,Iraq,Norway,0.9,0.2,28.0,0.7,0.0224,Tier 3 (Weak)
Iraq,Scotland,0.0048,1727.0,1857.0,-130.0,1,0,BWh,Cfb,Arid,Temperate,1,Iraq,Scotland,0.9,0.5,22.9,0.2428,0.0078,Tier 3 (Weak)
Iraq,South Korea,0.009,1727.0,1895.0,-168.0,1,0,BWh,Dwa,Arid,Continental,1,Iraq,South Korea,0.9,0.2,17.6,0.0,0.0,Tier 3 (Weak)
Iraq,Sweden,0.0022,1727.0,1793.0,-66.0,1,0,BWh,Dfc,Arid,Continental,1,Iraq,Sweden,0.9,0.2,25.5,0.6375,0.0204,Tier 3 (Weak)
Iraq,Switzerland,0.0264,1727.0,1990.0,-263.0,1,0,BWh,Cfb,Arid,Temperate,1,Iraq,Switzerland,0.9,0.5,18.6,0.121,0.0039,Tier 3 (Weak)
Ivory Coast,Austria,0.0022,1836.0,1929.0,-93.0,1,0,Aw,Dfb,Tropical,Continental,1,Ivory Coast,Austria,1.0,0.2,18.7,0.0,0.0,Tier 3 (Weak)
Ivory Coast,Belgium,0.0791,1836.0,2002.0,-166.0,1,0,Aw,Cfb,Tropical,Temperate,1,Ivory Coast,Belgium,1.0,0.5,22.7,0.3008,0.0096,Tier 1 (Strong)
Ivory Coast,Bosnia and Herzegovina,0.0086,1836.0,1653.0,183.0,1,0,Aw,Cfb,Tropical,Temperate,1,Ivory Coast,Bosnia and Herzegovina,1.0,0.5,19.6,0.1685,0.0054,Tier 3 (Weak)
Ivory Coast,Canada,0.0427,1836.0,1903.0,-67.0,1,0,Aw,Dfc,Tropical,Continental,1,Ivory Coast,Canada,1.0,0.2,21.4,0.3335,0.0107,Tier 2 (Moderate)
Ivory Coast,Croatia,0.0285,1836.0,1979.0,-143.0,1,0,Aw,Cfb,Tropical,Temperate,1,Ivory Coast,Croatia,1.0,0.5,22.3,0.2423,0.0078,Tier 3 (Weak)
Ivory Coast,Czech Republic,0.0389,1836.0,1837.0,-1.0,1,0,Aw,Dfb,Tropical,Continental,1,Ivory Coast,Czech Republic,1.0,0.2,22.4,0.3441,0.011,Tier 2 (Moderate)
Ivory Coast,England,0.0996,1836.0,2083.0,-247.0,1,0,Aw,Cfb,Tropical,Temperate,1,Ivory Coast,England,1.0,0.5,22.7,0.2886,0.0092,Tier 1 (Strong)
Ivory Coast,France,0.0951,1836.0,2160.0,-324.0,1,0,Aw,Cfb,Tropical,Temperate,1,Ivory Coast,France,1.0,0.5,25.4,0.4538,0.0145,Tier 1 (Strong)
Ivory Coast,Germany,0.0118,1836.0,2032.0,-196.0,1,0,Aw,Cfb,Tropical,Temperate,1,Ivory Coast,Germany,1.0,0.5,26.5,0.4729,0.0151,Tier 3 (Weak)
Ivory Coast,Netherlands,0.024,1836.0,2006.0,-170.0,1,0,Aw,Cfb,Tropical,Temperate,1,Ivory Coast,Netherlands,1.0,0.5,22.8,0.2935,0.0094,Tier 3 (Weak)
Ivory Coast,New Zealand,0.0159,1836.0,1710.0,126.0,1,0,Aw,Cfb,Tropical,Temperate,1,Ivory Coast,New Zealand,1.0,0.5,21.1,0.2107,0.0067,Tier 3 (Weak)
Ivory Coast,Norway,0.0961,1836.0,1994.0,-158.0,1,0,Aw,Dfc,Tropical,Continental,1,Ivory Coast,Norway,1.0,0.2,25.9,0.74,0.0237,Tier 1 (Strong)
Ivory Coast,Scotland,0.0177,1836.0,1857.0,-21.0,1,0,Aw,Cfb,Tropical,Temperate,1,Ivory Coast,Scotland,1.0,0.5,24.0,0.3311,0.0106,Tier 3 (Weak)
Ivory Coast,South Korea,0.0331,1836.0,1895.0,-59.0,1,0,Aw,Dwa,Tropical,Continental,1,Ivory Coast,South Korea,1.0,0.2,22.4,0.3441,0.011,Tier 2 (Moderate)
Ivory Coast,Sweden,0.0103,1836.0,1793.0,43.0,1,0,Aw,Dfc,Tropical,Continental,1,Ivory Coast,Sweden,1.0,0.2,23.8,0.5817,0.0186,Tier 3 (Weak)
Ivory Coast,Switzerland,0.0759,1836.0,1990.0,-154.0,1,0,Aw,Cfb,Tropical,Temperate,1,Ivory Coast,Switzerland,1.0,0.5,21.4,0.2084,0.0067,Tier 1 (Strong)
Japan,Austria,0.0074,2008.0,1929.0,79.0,1,0,Cfa,Dfb,Temperate,Continental,1,Japan,Austria,0.5,0.2,23.5,0.1682,0.0054,Tier 3 (Weak)
Japan,Belgium,0.0231,2008.0,2002.0,6.0,1,1,Cfa,Cfb,Temperate,Temperate,0,Japan,Belgium,0.5,0.5,23.7,0.0,0.0,None
Japan,Bosnia and Herzegovina,0.012,2008.0,1653.0,355.0,1,1,Cfa,Cfb,Temperate,Temperate,0,Japan,Bosnia and Herzegovina,0.5,0.5,21.3,0.0,0.0,None
Japan,Canada,0.0616,2008.0,1903.0,105.0,1,0,Cfa,Dfc,Temperate,Continental,1,Japan,Canada,0.5,0.2,24.0,0.2031,0.0065,Tier 2 (Moderate)
Japan,Croatia,0.0151,2008.0,1979.0,29.0,1,1,Cfa,Cfb,Temperate,Temperate,0,Japan,Croatia,0.5,0.5,23.1,0.0,0.0,None
Japan,Czech Republic,0.0454,2008.0,1837.0,171.0,1,0,Cfa,Dfb,Temperate,Continental,1,Japan,Czech Republic,0.5,0.2,23.2,0.1505,0.0048,Tier 2 (Moderate)
Japan,England,0.046,2008.0,2083.0,-75.0,1,1,Cfa,Cfb,Temperate,Temperate,0,Japan,England,0.5,0.5,23.1,0.0,0.0,None
Japan,France,0.1222,2008.0,2160.0,-152.0,1,1,Cfa,Cfb,Temperate,Temperate,0,Japan,France,0.5,0.5,25.2,0.0,0.0,None
Japan,Germany,0.0842,2008.0,2032.0,-24.0,1,1,Cfa,Cfb,Temperate,Temperate,0,Japan,Germany,0.5,0.5,23.7,0.0,0.0,None
Japan,Netherlands,0.0175,2008.0,2006.0,2.0,1,1,Cfa,Cfb,Temperate,Temperate,0,Japan,Netherlands,0.5,0.5,25.4,0.0,0.0,None
Japan,New Zealand,0.0016,2008.0,1710.0,298.0,1,1,Cfa,Cfb,Temperate,Temperate,0,Japan,New Zealand,0.5,0.5,17.1,0.0,0.0,None
Japan,Norway,0.073,2008.0,1994.0,14.0,1,0,Cfa,Dfc,Temperate,Continental,1,Japan,Norway,0.5,0.2,23.8,0.201,0.0064,Tier 1 (Strong)
Japan,Scotland,0.1618,2008.0,1857.0,151.0,1,1,Cfa,Cfb,Temperate,Temperate,0,Japan,Scotland,0.5,0.5,25.1,0.0,0.0,None
Japan,South Korea,0.0441,2008.0,1895.0,113.0,1,0,Cfa,Dwa,Temperate,Continental,1,Japan,South Korea,0.5,0.2,23.9,0.1819,0.0058,Tier 2 (Moderate)
Japan,Sweden,0.0031,2008.0,1793.0,215.0,1,0,Cfa,Dfc,Temperate,Continental,1,Japan,Sweden,0.5,0.2,25.4,0.2,0.0064,Tier 3 (Weak)
Japan,Switzerland,0.0689,2008.0,1990.0,18.0,1,1,Cfa,Cfb,Temperate,Temperate,0,Japan,Switzerland,0.5,0.5,24.0,0.0,0.0,None
Jordan,Austria,0.0026,1766.0,1929.0,-163.0,1,0,BWh,Dfb,Arid,Continental,1,Jordan,Austria,0.9,0.2,22.0,0.3025,0.0097,Tier 3 (Weak)
Jordan,Belgium,0.0433,1766.0,2002.0,-236.0,1,0,BWh,Cfb,Arid,Temperate,1,Jordan,Belgium,0.9,0.5,21.3,0.1417,0.0045,Tier 2 (Moderate)
Jordan,Bosnia and Herzegovina,0.0022,1766.0,1653.0,113.0,1,0,BWh,Cfb,Arid,Temperate,1,Jordan,Bosnia and Herzegovina,0.9,0.5,15.2,0.0,0.0,Tier 3 (Weak)
Jordan,Canada,0.0164,1766.0,1903.0,-137.0,1,0,BWh,Dfc,Arid,Continental,1,Jordan,Canada,0.9,0.2,18.2,0.2017,0.0065,Tier 3 (Weak)
Jordan,Croatia,0.0195,1766.0,1979.0,-213.0,1,0,BWh,Cfb,Arid,Temperate,1,Jordan,Croatia,0.9,0.5,24.6,0.2567,0.0082,Tier 3 (Weak)
Jordan,Czech Republic,0.0019,1766.0,1837.0,-71.0,1,0,BWh,Dfb,Arid,Continental,1,Jordan,Czech Republic,0.9,0.2,17.6,0.0,0.0,Tier 3 (Weak)
Jordan,England,0.0432,1766.0,2083.0,-317.0,1,0,BWh,Cfb,Arid,Temperate,1,Jordan,England,0.9,0.5,25.4,0.3066,0.0098,Tier 2 (Moderate)
Jordan,France,0.0054,1766.0,2160.0,-394.0,1,0,BWh,Cfb,Arid,Temperate,1,Jordan,France,0.9,0.5,25.4,0.3152,0.0101,Tier 3 (Weak)
Jordan,Germany,0.0033,1766.0,2032.0,-266.0,1,0,BWh,Cfb,Arid,Temperate,1,Jordan,Germany,0.9,0.5,25.9,0.314,0.01,Tier 3 (Weak)
Jordan,Netherlands,0.002,1766.0,2006.0,-240.0,1,0,BWh,Cfb,Arid,Temperate,1,Jordan,Netherlands,0.9,0.5,24.7,0.269,0.0086,Tier 3 (Weak)
Jordan,New Zealand,0.0096,1766.0,1710.0,56.0,1,0,BWh,Cfb,Arid,Temperate,1,Jordan,New Zealand,0.9,0.5,20.9,0.121,0.0039,Tier 3 (Weak)
Jordan,Norway,0.0023,1766.0,1994.0,-228.0,1,0,BWh,Dfc,Arid,Continental,1,Jordan,Norway,0.9,0.2,26.1,0.5281,0.0169,Tier 3 (Weak)
Jordan,Scotland,0.0008,1766.0,1857.0,-91.0,1,0,BWh,Cfb,Arid,Temperate,1,Jordan,Scotland,0.9,0.5,17.6,0.0,0.0,Tier 3 (Weak)
Jordan,South Korea,0.0021,1766.0,1895.0,-129.0,1,0,BWh,Dwa,Arid,Continental,1,Jordan,South Korea,0.9,0.2,17.4,0.0,0.0,Tier 3 (Weak)
Jordan,Sweden,0.0007,1766.0,1793.0,-27.0,1,0,BWh,Dfc,Arid,Continental,1,Jordan,Sweden,0.9,0.2,17.6,0.0,0.0,Tier 3 (Weak)
Jordan,Switzerland,0.0349,1766.0,1990.0,-224.0,1,0,BWh,Cfb,Arid,Temperate,1,Jordan,Switzerland,0.9,0.5,20.8,0.1882,0.006,Tier 2 (Moderate)
Mexico,Austria,0.0109,1957.0,1929.0,28.0,1,0,BSh,Dfb,Arid,Continental,1,Mexico,Austria,0.9,0.2,22.7,0.3412,0.0109,Tier 3 (Weak)
Mexico,Belgium,0.0418,1957.0,2002.0,-45.0,1,0,BSh,Cfb,Arid,Temperate,1,Mexico,Belgium,0.9,0.5,24.0,0.26,0.0083,Tier 2 (Moderate)
Mexico,Bosnia and Herzegovina,0.0416,1957.0,1653.0,304.0,1,0,BSh,Cfb,Arid,Temperate,1,Mexico,Bosnia and Herzegovina,0.9,0.5,18.5,0.0,0.0,Tier 3 (Weak)
Mexico,Canada,0.1306,1957.0,1903.0,54.0,1,0,BSh,Dfc,Arid,Continental,1,Mexico,Canada,0.9,0.2,23.1,0.3729,0.0119,Tier 1 (Strong)
Mexico,Croatia,0.031,1957.0,1979.0,-22.0,1,0,BSh,Cfb,Arid,Temperate,1,Mexico,Croatia,0.9,0.5,23.3,0.2257,0.0072,Tier 2 (Moderate)
Mexico,Czech Republic,0.0028,1957.0,1837.0,120.0,1,0,BSh,Dfb,Arid,Continental,1,Mexico,Czech Republic,0.9,0.2,24.1,0.35,0.0112,Tier 3 (Weak)
Mexico,England,0.1191,1957.0,2083.0,-126.0,1,0,BSh,Cfb,Arid,Temperate,1,Mexico,England,0.9,0.5,23.3,0.2257,0.0072,Tier 1 (Strong)
Mexico,France,0.0744,1957.0,2160.0,-203.0,1,0,BSh,Cfb,Arid,Temperate,1,Mexico,France,0.9,0.5,23.2,0.2321,0.0074,Tier 1 (Strong)
Mexico,Germany,0.0818,1957.0,2032.0,-75.0,1,0,BSh,Cfb,Arid,Temperate,1,Mexico,Germany,0.9,0.5,23.3,0.2296,0.0073,Tier 1 (Strong)
Mexico,Netherlands,0.0813,1957.0,2006.0,-49.0,1,0,BSh,Cfb,Arid,Temperate,1,Mexico,Netherlands,0.9,0.5,23.8,0.2416,0.0077,Tier 1 (Strong)
Mexico,New Zealand,0.0081,1957.0,1710.0,247.0,1,0,BSh,Cfb,Arid,Temperate,1,Mexico,New Zealand,0.9,0.5,22.8,0.2305,0.0074,Tier 3 (Weak)
Mexico,Norway,0.058,1957.0,1994.0,-37.0,1,0,BSh,Dfc,Arid,Continental,1,Mexico,Norway,0.9,0.2,23.4,0.4317,0.0138,Tier 2 (Moderate)
Mexico,Scotland,0.0626,1957.0,1857.0,100.0,1,0,BSh,Cfb,Arid,Temperate,1,Mexico,Scotland,0.9,0.5,24.4,0.2409,0.0077,Tier 2 (Moderate)
Mexico,South Korea,0.0036,1957.0,1895.0,62.0,1,0,BSh,Dwa,Arid,Continental,1,Mexico,South Korea,0.9,0.2,23.6,0.4208,0.0135,Tier 3 (Weak)
Mexico,Sweden,0.037,1957.0,1793.0,164.0,1,0,BSh,Dfc,Arid,Continental,1,Mexico,Sweden,0.9,0.2,22.3,0.2815,0.009,Tier 2 (Moderate)
Mexico,Switzerland,0.0816,1957.0,1990.0,-33.0,1,0,BSh,Cfb,Arid,Temperate,1,Mexico,Switzerland,0.9,0.5,22.2,0.1807,0.0058,Tier 2 (Moderate)
Morocco,Austria,0.0053,1988.0,1929.0,59.0,1,0,Csa,Dfb,Temperate,Continental,1,Morocco,Austria,0.5,0.2,25.5,0.2355,0.0075,Tier 3 (Weak)
Morocco,Belgium,0.0088,1988.0,2002.0,-14.0,1,1,Csa,Cfb,Temperate,Temperate,0,Morocco,Belgium,0.5,0.5,24.9,0.0,0.0,None
Morocco,Bosnia and Herzegovina,0.0101,1988.0,1653.0,335.0,1,1,Csa,Cfb,Temperate,Temperate,0,Morocco,Bosnia and Herzegovina,0.5,0.5,24.3,0.0,0.0,None
Morocco,Canada,0.0454,1988.0,1903.0,85.0,1,0,Csa,Dfc,Temperate,Continental,1,Morocco,Canada,0.5,0.2,24.9,0.2233,0.0071,Tier 2 (Moderate)
Morocco,Croatia,0.0103,1988.0,1979.0,9.0,1,1,Csa,Cfb,Temperate,Temperate,0,Morocco,Croatia,0.5,0.5,24.9,0.0,0.0,None
Morocco,Czech Republic,0.0492,1988.0,1837.0,151.0,1,0,Csa,Dfb,Temperate,Continental,1,Morocco,Czech Republic,0.5,0.2,24.2,0.1916,0.0061,Tier 2 (Moderate)
Morocco,England,0.0378,1988.0,2083.0,-95.0,1,1,Csa,Cfb,Temperate,Temperate,0,Morocco,England,0.5,0.5,24.9,0.0,0.0,None
Morocco,France,0.1206,1988.0,2160.0,-172.0,1,1,Csa,Cfb,Temperate,Temperate,0,Morocco,France,0.5,0.5,24.3,0.0,0.0,None
Morocco,Germany,0.075,1988.0,2032.0,-44.0,1,1,Csa,Cfb,Temperate,Temperate,0,Morocco,Germany,0.5,0.5,24.3,0.0,0.0,None
Morocco,Netherlands,0.2242,1988.0,2006.0,-18.0,1,1,Csa,Cfb,Temperate,Temperate,0,Morocco,Netherlands,0.5,0.5,24.7,0.0,0.0,None
Morocco,New Zealand,0.0005,1988.0,1710.0,278.0,1,1,Csa,Cfb,Temperate,Temperate,0,Morocco,New Zealand,0.5,0.5,20.3,0.0,0.0,None
Morocco,Norway,0.0651,1988.0,1994.0,-6.0,1,0,Csa,Dfc,Temperate,Continental,1,Morocco,Norway,0.5,0.2,24.3,0.2155,0.0069,Tier 2 (Moderate)
Morocco,Scotland,0.0099,1988.0,1857.0,131.0,1,1,Csa,Cfb,Temperate,Temperate,0,Morocco,Scotland,0.5,0.5,24.7,0.0,0.0,None
Morocco,South Korea,0.0485,1988.0,1895.0,93.0,1,0,Csa,Dwa,Temperate,Continental,1,Morocco,South Korea,0.5,0.2,24.2,0.1916,0.0061,Tier 2 (Moderate)
Morocco,Sweden,0.053,1988.0,1793.0,195.0,1,0,Csa,Dfc,Temperate,Continental,1,Morocco,Sweden,0.5,0.2,24.4,0.1522,0.0049,Tier 2 (Moderate)
Morocco,Switzerland,0.0352,1988.0,1990.0,-2.0,1,1,Csa,Cfb,Temperate,Temperate,0,Morocco,Switzerland,0.5,0.5,24.9,0.0,0.0,None
Panama,Austria,0.0224,1831.0,1929.0,-98.0,1,0,Am,Dfb,Tropical,Continental,1,Panama,Austria,1.0,0.2,24.6,0.5133,0.0164,Tier 3 (Weak)
Panama,Belgium,0.0084,1831.0,2002.0,-171.0,1,0,Am,Cfb,Tropical,Temperate,1,Panama,Belgium,1.0,0.5,22.5,0.2771,0.0089,Tier 3 (Weak)
Panama,Canada,0.0041,1831.0,1903.0,-72.0,1,0,Am,Dfc,Tropical,Continental,1,Panama,Canada,1.0,0.2,21.9,0.4072,0.013,Tier 3 (Weak)
Panama,Czech Republic,0.0114,1831.0,1837.0,-6.0,1,0,Am,Dfb,Tropical,Continental,1,Panama,Czech Republic,1.0,0.2,18.7,0.0,0.0,Tier 3 (Weak)
Panama,England,0.003,1831.0,2083.0,-252.0,1,0,Am,Cfb,Tropical,Temperate,1,Panama,England,1.0,0.5,25.3,0.4518,0.0145,Tier 3 (Weak)
Panama,France,0.0188,1831.0,2160.0,-329.0,1,0,Am,Cfb,Tropical,Temperate,1,Panama,France,1.0,0.5,24.3,0.3378,0.0108,Tier 3 (Weak)
Panama,Germany,0.0208,1831.0,2032.0,-201.0,1,0,Am,Cfb,Tropical,Temperate,1,Panama,Germany,1.0,0.5,24.6,0.3271,0.0105,Tier 3 (Weak)
Panama,Netherlands,0.0083,1831.0,2006.0,-175.0,1,0,Am,Cfb,Tropical,Temperate,1,Panama,Netherlands,1.0,0.5,22.8,0.2515,0.008,Tier 3 (Weak)
Panama,New Zealand,0.0013,1831.0,1710.0,121.0,1,0,Am,Cfb,Tropical,Temperate,1,Panama,New Zealand,1.0,0.5,17.5,0.0,0.0,Tier 3 (Weak)
Panama,Norway,0.0182,1831.0,1994.0,-163.0,1,0,Am,Dfc,Tropical,Continental,1,Panama,Norway,1.0,0.2,24.6,0.5233,0.0167,Tier 3 (Weak)
Panama,Scotland,0.0048,1831.0,1857.0,-26.0,1,0,Am,Cfb,Tropical,Temperate,1,Panama,Scotland,1.0,0.5,24.7,0.3363,0.0108,Tier 3 (Weak)
Panama,South Korea,0.0092,1831.0,1895.0,-64.0,1,0,Am,Dwa,Tropical,Continental,1,Panama,South Korea,1.0,0.2,18.7,0.0,0.0,Tier 3 (Weak)
Panama,Sweden,0.0033,1831.0,1793.0,38.0,1,0,Am,Dfc,Tropical,Continental,1,Panama,Sweden,1.0,0.2,20.3,0.2667,0.0085,Tier 3 (Weak)
Panama,Switzerland,0.0094,1831.0,1990.0,-159.0,1,0,Am,Cfb,Tropical,Temperate,1,Panama,Switzerland,1.0,0.5,24.3,0.3656,0.0117,Tier 3 (Weak)
Paraguay,Austria,0.0206,1937.0,1929.0,8.0,1,0,Cfa,Dfb,Temperate,Continental,1,Paraguay,Austria,0.5,0.2,21.0,0.1188,0.0038,Tier 3 (Weak)
Paraguay,Belgium,0.0937,1937.0,2002.0,-65.0,1,1,Cfa,Cfb,Temperate,Temperate,0,Paraguay,Belgium,0.5,0.5,22.8,0.0,0.0,None
Paraguay,Bosnia and Herzegovina,0.0108,1937.0,1653.0,284.0,1,1,Cfa,Cfb,Temperate,Temperate,0,Paraguay,Bosnia and Herzegovina,0.5,0.5,17.1,0.0,0.0,None
Paraguay,Canada,0.0191,1937.0,1903.0,34.0,1,0,Cfa,Dfc,Temperate,Continental,1,Paraguay,Canada,0.5,0.2,22.2,0.1441,0.0046,Tier 3 (Weak)
Paraguay,Croatia,0.005,1937.0,1979.0,-42.0,1,1,Cfa,Cfb,Temperate,Temperate,0,Paraguay,Croatia,0.5,0.5,24.4,0.0,0.0,None
Paraguay,Czech Republic,0.0054,1937.0,1837.0,100.0,1,0,Cfa,Dfb,Temperate,Continental,1,Paraguay,Czech Republic,0.5,0.2,20.1,0.0821,0.0026,Tier 3 (Weak)
Paraguay,England,0.0108,1937.0,2083.0,-146.0,1,1,Cfa,Cfb,Temperate,Temperate,0,Paraguay,England,0.5,0.5,24.7,0.0,0.0,None
Paraguay,France,0.0733,1937.0,2160.0,-223.0,1,1,Cfa,Cfb,Temperate,Temperate,0,Paraguay,France,0.5,0.5,23.8,0.0,0.0,None
Paraguay,Germany,0.0517,1937.0,2032.0,-95.0,1,1,Cfa,Cfb,Temperate,Temperate,0,Paraguay,Germany,0.5,0.5,23.8,0.0,0.0,None
Paraguay,Netherlands,0.0185,1937.0,2006.0,-69.0,1,1,Cfa,Cfb,Temperate,Temperate,0,Paraguay,Netherlands,0.5,0.5,22.6,0.0,0.0,None
Paraguay,New Zealand,0.0643,1937.0,1710.0,227.0,1,1,Cfa,Cfb,Temperate,Temperate,0,Paraguay,New Zealand,0.5,0.5,20.2,0.0,0.0,None
Paraguay,Norway,0.0432,1937.0,1994.0,-57.0,1,0,Cfa,Dfc,Temperate,Continental,1,Paraguay,Norway,0.5,0.2,23.8,0.2144,0.0069,Tier 2 (Moderate)
Paraguay,Scotland,0.0029,1937.0,1857.0,80.0,1,1,Cfa,Cfb,Temperate,Temperate,0,Paraguay,Scotland,0.5,0.5,25.6,0.0,0.0,None
Paraguay,South Korea,0.0071,1937.0,1895.0,42.0,1,0,Cfa,Dwa,Temperate,Continental,1,Paraguay,South Korea,0.5,0.2,23.4,0.1704,0.0055,Tier 3 (Weak)
Paraguay,Sweden,0.011,1937.0,1793.0,144.0,1,0,Cfa,Dfc,Temperate,Continental,1,Paraguay,Sweden,0.5,0.2,16.1,0.0,0.0,Tier 3 (Weak)
Paraguay,Switzerland,0.0274,1937.0,1990.0,-53.0,1,1,Cfa,Cfb,Temperate,Temperate,0,Paraguay,Switzerland,0.5,0.5,22.3,0.0,0.0,None
Portugal,Austria,0.0523,2049.0,1929.0,120.0,1,0,Csa,Dfb,Temperate,Continental,1,Portugal,Austria,0.5,0.2,23.9,0.2097,0.0067,Tier 2 (Moderate)
Portugal,Belgium,0.0364,2049.0,2002.0,47.0,1,1,Csa,Cfb,Temperate,Temperate,0,Portugal,Belgium,0.5,0.5,21.9,0.0,0.0,None
Portugal,Bosnia and Herzegovina,0.0039,2049.0,1653.0,396.0,1,1,Csa,Cfb,Temperate,Temperate,0,Portugal,Bosnia and Herzegovina,0.5,0.5,17.5,0.0,0.0,None
Portugal,Canada,0.0412,2049.0,1903.0,146.0,1,0,Csa,Dfc,Temperate,Continental,1,Portugal,Canada,0.5,0.2,22.8,0.1693,0.0054,Tier 2 (Moderate)
Portugal,Croatia,0.1816,2049.0,1979.0,70.0,1,1,Csa,Cfb,Temperate,Temperate,0,Portugal,Croatia,0.5,0.5,24.8,0.0,0.0,None
Portugal,Czech Republic,0.0088,2049.0,1837.0,212.0,1,0,Csa,Dfb,Temperate,Continental,1,Portugal,Czech Republic,0.5,0.2,23.6,0.1864,0.006,Tier 3 (Weak)
Portugal,England,0.165,2049.0,2083.0,-34.0,1,1,Csa,Cfb,Temperate,Temperate,0,Portugal,England,0.5,0.5,24.8,0.0,0.0,None
Portugal,France,0.0487,2049.0,2160.0,-111.0,1,1,Csa,Cfb,Temperate,Temperate,0,Portugal,France,0.5,0.5,24.4,0.0,0.0,None
Portugal,Germany,0.0457,2049.0,2032.0,17.0,1,1,Csa,Cfb,Temperate,Temperate,0,Portugal,Germany,0.5,0.5,23.7,0.0,0.0,None
Portugal,Netherlands,0.022,2049.0,2006.0,43.0,1,1,Csa,Cfb,Temperate,Temperate,0,Portugal,Netherlands,0.5,0.5,23.1,0.0,0.0,None
Portugal,New Zealand,0.009,2049.0,1710.0,339.0,1,1,Csa,Cfb,Temperate,Temperate,0,Portugal,New Zealand,0.5,0.5,19.7,0.0,0.0,None
Portugal,Norway,0.0379,2049.0,1994.0,55.0,1,0,Csa,Dfc,Temperate,Continental,1,Portugal,Norway,0.5,0.2,24.4,0.2148,0.0069,Tier 2 (Moderate)
Portugal,Scotland,0.0054,2049.0,1857.0,192.0,1,1,Csa,Cfb,Temperate,Temperate,0,Portugal,Scotland,0.5,0.5,24.9,0.0,0.0,None
Portugal,South Korea,0.0096,2049.0,1895.0,154.0,1,0,Csa,Dwa,Temperate,Continental,1,Portugal,South Korea,0.5,0.2,23.6,0.1864,0.006,Tier 3 (Weak)
Portugal,Sweden,0.0081,2049.0,1793.0,256.0,1,0,Csa,Dfc,Temperate,Continental,1,Portugal,Sweden,0.5,0.2,21.3,0.1155,0.0037,Tier 3 (Weak)
Portugal,Switzerland,0.0849,2049.0,1990.0,59.0,1,1,Csa,Cfb,Temperate,Temperate,0,Portugal,Switzerland,0.5,0.5,23.2,0.0,0.0,None
Qatar,Austria,0.0015,1552.0,1929.0,-377.0,1,0,BWh,Dfb,Arid,Continental,1,Qatar,Austria,0.9,0.2,15.2,0.0,0.0,Tier 3 (Weak)
Qatar,Belgium,0.0061,1552.0,2002.0,-450.0,1,0,BWh,Cfb,Arid,Temperate,1,Qatar,Belgium,0.9,0.5,16.1,0.0,0.0,Tier 3 (Weak)
Qatar,Czech Republic,0.0368,1552.0,1837.0,-285.0,1,0,BWh,Dfb,Arid,Continental,1,Qatar,Czech Republic,0.9,0.2,18.5,0.0,0.0,Tier 3 (Weak)
Qatar,France,0.0079,1552.0,2160.0,-608.0,1,0,BWh,Cfb,Arid,Temperate,1,Qatar,France,0.9,0.5,19.5,0.1095,0.0035,Tier 3 (Weak)
Qatar,Germany,0.0194,1552.0,2032.0,-480.0,1,0,BWh,Cfb,Arid,Temperate,1,Qatar,Germany,0.9,0.5,21.3,0.1348,0.0043,Tier 3 (Weak)
Qatar,Netherlands,0.013,1552.0,2006.0,-454.0,1,0,BWh,Cfb,Arid,Temperate,1,Qatar,Netherlands,0.9,0.5,21.3,0.1348,0.0043,Tier 3 (Weak)
Qatar,New Zealand,0.0025,1552.0,1710.0,-158.0,1,0,BWh,Cfb,Arid,Temperate,1,Qatar,New Zealand,0.9,0.5,16.1,0.0,0.0,Tier 3 (Weak)
Qatar,Norway,0.0045,1552.0,1994.0,-442.0,1,0,BWh,Dfc,Arid,Continental,1,Qatar,Norway,0.9,0.2,19.5,0.1917,0.0061,Tier 3 (Weak)
Qatar,Scotland,0.005,1552.0,1857.0,-305.0,1,0,BWh,Cfb,Arid,Temperate,1,Qatar,Scotland,0.9,0.5,28.3,0.4043,0.0129,Tier 3 (Weak)
Qatar,South Korea,0.0354,1552.0,1895.0,-343.0,1,0,BWh,Dwa,Arid,Continental,1,Qatar,South Korea,0.9,0.2,18.5,0.0,0.0,Tier 3 (Weak)
Qatar,Sweden,0.003,1552.0,1793.0,-241.0,1,0,BWh,Dfc,Arid,Continental,1,Qatar,Sweden,0.9,0.2,21.8,0.3538,0.0113,Tier 3 (Weak)
Saudi Arabia,Austria,0.014,1692.0,1929.0,-237.0,1,0,BWh,Dfb,Arid,Continental,1,Saudi Arabia,Austria,0.9,0.2,23.9,0.3563,0.0114,Tier 3 (Weak)
Saudi Arabia,Belgium,0.0339,1692.0,2002.0,-310.0,1,0,BWh,Cfb,Arid,Temperate,1,Saudi Arabia,Belgium,0.9,0.5,22.8,0.1815,0.0058,Tier 2 (Moderate)
Saudi Arabia,Bosnia and Herzegovina,0.0005,1692.0,1653.0,39.0,1,0,BWh,Cfb,Arid,Temperate,1,Saudi Arabia,Bosnia and Herzegovina,0.9,0.5,17.1,0.0,0.0,Tier 3 (Weak)
Saudi Arabia,Canada,0.0005,1692.0,1903.0,-211.0,1,0,BWh,Dfc,Arid,Continental,1,Saudi Arabia,Canada,0.9,0.2,24.2,0.605,0.0194,Tier 3 (Weak)
Saudi Arabia,Croatia,0.0128,1692.0,1979.0,-287.0,1,0,BWh,Cfb,Arid,Temperate,1,Saudi Arabia,Croatia,0.9,0.5,23.8,0.2567,0.0082,Tier 3 (Weak)
Saudi Arabia,Czech Republic,0.0136,1692.0,1837.0,-145.0,1,0,BWh,Dfb,Arid,Continental,1,Saudi Arabia,Czech Republic,0.9,0.2,17.6,0.0,0.0,Tier 3 (Weak)
Saudi Arabia,England,0.0432,1692.0,2083.0,-391.0,1,0,BWh,Cfb,Arid,Temperate,1,Saudi Arabia,England,0.9,0.5,23.8,0.2567,0.0082,Tier 2 (Moderate)
Saudi Arabia,France,0.03,1692.0,2160.0,-468.0,1,0,BWh,Cfb,Arid,Temperate,1,Saudi Arabia,France,0.9,0.5,28.2,0.4036,0.0129,Tier 2 (Moderate)
Saudi Arabia,Germany,0.0038,1692.0,2032.0,-340.0,1,0,BWh,Cfb,Arid,Temperate,1,Saudi Arabia,Germany,0.9,0.5,25.5,0.3643,0.0117,Tier 3 (Weak)
Saudi Arabia,Netherlands,0.0019,1692.0,2006.0,-314.0,1,0,BWh,Cfb,Arid,Temperate,1,Saudi Arabia,Netherlands,0.9,0.5,21.8,0.1333,0.0043,Tier 3 (Weak)
Saudi Arabia,New Zealand,0.0088,1692.0,1710.0,-18.0,1,0,BWh,Cfb,Arid,Temperate,1,Saudi Arabia,New Zealand,0.9,0.5,22.8,0.1815,0.0058,Tier 3 (Weak)
Saudi Arabia,Norway,0.0151,1692.0,1994.0,-302.0,1,0,BWh,Dfc,Arid,Continental,1,Saudi Arabia,Norway,0.9,0.2,28.2,0.7063,0.0226,Tier 3 (Weak)
Saudi Arabia,South Korea,0.0119,1692.0,1895.0,-203.0,1,0,BWh,Dwa,Arid,Continental,1,Saudi Arabia,South Korea,0.9,0.2,17.6,0.0,0.0,Tier 3 (Weak)
Saudi Arabia,Sweden,0.0007,1692.0,1793.0,-101.0,1,0,BWh,Dfc,Arid,Continental,1,Saudi Arabia,Sweden,0.9,0.2,17.1,0.0,0.0,Tier 3 (Weak)
Saudi Arabia,Switzerland,0.0016,1692.0,1990.0,-298.0,1,0,BWh,Cfb,Arid,Temperate,1,Saudi Arabia,Switzerland,0.9,0.5,24.2,0.3457,0.0111,Tier 3 (Weak)
Senegal,Austria,0.0038,1933.0,1929.0,4.0,1,0,BSh,Dfb,Arid,Continental,1,Senegal,Austria,0.9,0.2,23.5,0.401,0.0128,Tier 3 (Weak)
Senegal,Belgium,0.0654,1933.0,2002.0,-69.0,1,0,BSh,Cfb,Arid,Temperate,1,Senegal,Belgium,0.9,0.5,24.3,0.2805,0.009,Tier 2 (Moderate)
Senegal,Bosnia and Herzegovina,0.0042,1933.0,1653.0,280.0,1,0,BSh,Cfb,Arid,Temperate,1,Senegal,Bosnia and Herzegovina,0.9,0.5,18.4,0.1095,0.0035,Tier 3 (Weak)
Senegal,Canada,0.0317,1933.0,1903.0,30.0,1,0,BSh,Dfc,Arid,Continental,1,Senegal,Canada,0.9,0.2,21.6,0.3278,0.0105,Tier 2 (Moderate)
Senegal,Croatia,0.0241,1933.0,1979.0,-46.0,1,0,BSh,Cfb,Arid,Temperate,1,Senegal,Croatia,0.9,0.5,22.8,0.218,0.007,Tier 3 (Weak)
Senegal,Czech Republic,0.027,1933.0,1837.0,96.0,1,0,BSh,Dfb,Arid,Continental,1,Senegal,Czech Republic,0.9,0.2,21.7,0.2821,0.009,Tier 3 (Weak)
Senegal,England,0.0837,1933.0,2083.0,-150.0,1,0,BSh,Cfb,Arid,Temperate,1,Senegal,England,0.9,0.5,23.8,0.2639,0.0084,Tier 1 (Strong)
Senegal,France,0.0198,1933.0,2160.0,-227.0,1,0,BSh,Cfb,Arid,Temperate,1,Senegal,France,0.9,0.5,26.5,0.3783,0.0121,Tier 3 (Weak)
Senegal,Germany,0.1087,1933.0,2032.0,-99.0,1,0,BSh,Cfb,Arid,Temperate,1,Senegal,Germany,0.9,0.5,25.4,0.3631,0.0116,Tier 1 (Strong)
Senegal,Netherlands,0.0273,1933.0,2006.0,-73.0,1,0,BSh,Cfb,Arid,Temperate,1,Senegal,Netherlands,0.9,0.5,23.8,0.268,0.0086,Tier 3 (Weak)
Senegal,New Zealand,0.0148,1933.0,1710.0,223.0,1,0,BSh,Cfb,Arid,Temperate,1,Senegal,New Zealand,0.9,0.5,21.9,0.1357,0.0043,Tier 3 (Weak)
Senegal,Norway,0.0129,1933.0,1994.0,-61.0,1,0,BSh,Dfc,Arid,Continental,1,Senegal,Norway,0.9,0.2,26.5,0.662,0.0212,Tier 3 (Weak)
Senegal,Scotland,0.0196,1933.0,1857.0,76.0,1,0,BSh,Cfb,Arid,Temperate,1,Senegal,Scotland,0.9,0.5,24.0,0.2653,0.0085,Tier 3 (Weak)
Senegal,South Korea,0.0225,1933.0,1895.0,38.0,1,0,BSh,Dwa,Arid,Continental,1,Senegal,South Korea,0.9,0.2,21.7,0.2821,0.009,Tier 3 (Weak)
Senegal,Sweden,0.0114,1933.0,1793.0,140.0,1,0,BSh,Dfc,Arid,Continental,1,Senegal,Sweden,0.9,0.2,22.8,0.425,0.0136,Tier 3 (Weak)
Senegal,Switzerland,0.0584,1933.0,1990.0,-57.0,1,0,BSh,Cfb,Arid,Temperate,1,Senegal,Switzerland,0.9,0.5,22.3,0.2275,0.0073,Tier 2 (Moderate)
South Africa,Belgium,0.0323,1673.0,2002.0,-329.0,1,0,BSh,Cfb,Arid,Temperate,1,South Africa,Belgium,0.9,0.5,24.3,0.2036,0.0065,Tier 2 (Moderate)
South Africa,Bosnia and Herzegovina,0.0208,1673.0,1653.0,20.0,1,0,BSh,Cfb,Arid,Temperate,1,South Africa,Bosnia and Herzegovina,0.9,0.5,19.8,0.0,0.0,Tier 3 (Weak)
South Africa,Canada,0.0636,1673.0,1903.0,-230.0,1,0,BSh,Dfc,Arid,Continental,1,South Africa,Canada,0.9,0.2,19.1,0.0,0.0,Tier 3 (Weak)
South Africa,Croatia,0.0019,1673.0,1979.0,-306.0,1,0,BSh,Cfb,Arid,Temperate,1,South Africa,Croatia,0.9,0.5,17.6,0.0,0.0,Tier 3 (Weak)
South Africa,England,0.0088,1673.0,2083.0,-410.0,1,0,BSh,Cfb,Arid,Temperate,1,South Africa,England,0.9,0.5,18.7,0.0,0.0,Tier 3 (Weak)
South Africa,France,0.0118,1673.0,2160.0,-487.0,1,0,BSh,Cfb,Arid,Temperate,1,South Africa,France,0.9,0.5,22.2,0.1822,0.0058,Tier 3 (Weak)
South Africa,Germany,0.0228,1673.0,2032.0,-359.0,1,0,BSh,Cfb,Arid,Temperate,1,South Africa,Germany,0.9,0.5,22.4,0.1609,0.0051,Tier 3 (Weak)
South Africa,Netherlands,0.0189,1673.0,2006.0,-333.0,1,0,BSh,Cfb,Arid,Temperate,1,South Africa,Netherlands,0.9,0.5,20.8,0.1011,0.0032,Tier 3 (Weak)
South Africa,New Zealand,0.0072,1673.0,1710.0,-37.0,1,0,BSh,Cfb,Arid,Temperate,1,South Africa,New Zealand,0.9,0.5,20.1,0.0,0.0,Tier 3 (Weak)
South Africa,Norway,0.0072,1673.0,1994.0,-321.0,1,0,BSh,Dfc,Arid,Continental,1,South Africa,Norway,0.9,0.2,22.2,0.3187,0.0102,Tier 3 (Weak)
South Africa,Scotland,0.0114,1673.0,1857.0,-184.0,1,0,BSh,Cfb,Arid,Temperate,1,South Africa,Scotland,0.9,0.5,23.0,0.2021,0.0065,Tier 3 (Weak)
South Africa,Sweden,0.005,1673.0,1793.0,-120.0,1,0,BSh,Dfc,Arid,Continental,1,South Africa,Sweden,0.9,0.2,21.0,0.2358,0.0075,Tier 3 (Weak)
South Africa,Switzerland,0.0367,1673.0,1990.0,-317.0,1,0,BSh,Cfb,Arid,Temperate,1,South Africa,Switzerland,0.9,0.5,19.8,0.0,0.0,Tier 3 (Weak)
Spain,Austria,0.2474,2216.0,1929.0,287.0,1,0,Csa,Dfb,Temperate,Continental,1,Spain,Austria,0.5,0.2,24.0,0.1968,0.0063,Tier 2 (Moderate)
Spain,Belgium,0.1117,2216.0,2002.0,214.0,1,1,Csa,Cfb,Temperate,Temperate,0,Spain,Belgium,0.5,0.5,24.1,0.0,0.0,None
Spain,Bosnia and Herzegovina,0.0041,2216.0,1653.0,563.0,1,1,Csa,Cfb,Temperate,Temperate,0,Spain,Bosnia and Herzegovina,0.5,0.5,24.1,0.0,0.0,None
Spain,Canada,0.0293,2216.0,1903.0,313.0,1,0,Csa,Dfc,Temperate,Continental,1,Spain,Canada,0.5,0.2,23.9,0.1843,0.0059,Tier 3 (Weak)
Spain,Croatia,0.0994,2216.0,1979.0,237.0,1,1,Csa,Cfb,Temperate,Temperate,0,Spain,Croatia,0.5,0.5,23.9,0.0,0.0,None
Spain,Czech Republic,0.0196,2216.0,1837.0,379.0,1,0,Csa,Dfb,Temperate,Continental,1,Spain,Czech Republic,0.5,0.2,22.8,0.1598,0.0051,Tier 3 (Weak)
Spain,England,0.1234,2216.0,2083.0,133.0,1,1,Csa,Cfb,Temperate,Temperate,0,Spain,England,0.5,0.5,23.9,0.0,0.0,None
Spain,France,0.1158,2216.0,2160.0,56.0,1,1,Csa,Cfb,Temperate,Temperate,0,Spain,France,0.5,0.5,25.6,0.0,0.0,None
Spain,Germany,0.062,2216.0,2032.0,184.0,1,1,Csa,Cfb,Temperate,Temperate,0,Spain,Germany,0.5,0.5,24.9,0.0,0.0,None
Spain,Netherlands,0.0469,2216.0,2006.0,210.0,1,1,Csa,Cfb,Temperate,Temperate,0,Spain,Netherlands,0.5,0.5,24.6,0.0,0.0,None
Spain,New Zealand,0.0232,2216.0,1710.0,506.0,1,1,Csa,Cfb,Temperate,Temperate,0,Spain,New Zealand,0.5,0.5,23.3,0.0,0.0,None
Spain,Norway,0.0515,2216.0,1994.0,222.0,1,0,Csa,Dfc,Temperate,Continental,1,Spain,Norway,0.5,0.2,25.6,0.2479,0.0079,Tier 2 (Moderate)
Spain,Scotland,0.014,2216.0,1857.0,359.0,1,1,Csa,Cfb,Temperate,Temperate,0,Spain,Scotland,0.5,0.5,26.1,0.0,0.0,None
Spain,South Korea,0.0232,2216.0,1895.0,321.0,1,0,Csa,Dwa,Temperate,Continental,1,Spain,South Korea,0.5,0.2,22.8,0.1598,0.0051,Tier 3 (Weak)
Spain,Sweden,0.0091,2216.0,1793.0,423.0,1,0,Csa,Dfc,Temperate,Continental,1,Spain,Sweden,0.5,0.2,24.7,0.2296,0.0073,Tier 3 (Weak)
Spain,Switzerland,0.0472,2216.0,1990.0,226.0,1,1,Csa,Cfb,Temperate,Temperate,0,Spain,Switzerland,0.5,0.5,24.7,0.0,0.0,None
Tunisia,Austria,0.0022,1777.0,1929.0,-152.0,1,0,BWh,Dfb,Arid,Continental,1,Tunisia,Austria,0.9,0.2,18.2,0.0,0.0,Tier 3 (Weak)
Tunisia,Belgium,0.0109,1777.0,2002.0,-225.0,1,0,BWh,Cfb,Arid,Temperate,1,Tunisia,Belgium,0.9,0.5,24.5,0.269,0.0086,Tier 3 (Weak)
Tunisia,Bosnia and Herzegovina,0.0063,1777.0,1653.0,124.0,1,0,BWh,Cfb,Arid,Temperate,1,Tunisia,Bosnia and Herzegovina,0.9,0.5,21.8,0.2021,0.0065,Tier 3 (Weak)
Tunisia,Canada,0.0365,1777.0,1903.0,-126.0,1,0,BWh,Dfc,Arid,Continental,1,Tunisia,Canada,0.9,0.2,22.9,0.3519,0.0113,Tier 2 (Moderate)
Tunisia,Croatia,0.0057,1777.0,1979.0,-202.0,1,0,BWh,Cfb,Arid,Temperate,1,Tunisia,Croatia,0.9,0.5,20.1,0.1,0.0032,Tier 3 (Weak)
Tunisia,Czech Republic,0.0286,1777.0,1837.0,-60.0,1,0,BWh,Dfb,Arid,Continental,1,Tunisia,Czech Republic,0.9,0.2,22.3,0.2815,0.009,Tier 3 (Weak)
Tunisia,England,0.0212,1777.0,2083.0,-306.0,1,0,BWh,Cfb,Arid,Temperate,1,Tunisia,England,0.9,0.5,22.8,0.2012,0.0064,Tier 3 (Weak)
Tunisia,France,0.0768,1777.0,2160.0,-383.0,1,0,BWh,Cfb,Arid,Temperate,1,Tunisia,France,0.9,0.5,25.2,0.3232,0.0103,Tier 1 (Strong)
Tunisia,Germany,0.0508,1777.0,2032.0,-255.0,1,0,BWh,Cfb,Arid,Temperate,1,Tunisia,Germany,0.9,0.5,23.1,0.2318,0.0074,Tier 2 (Moderate)
Tunisia,Netherlands,0.006,1777.0,2006.0,-229.0,1,0,BWh,Cfb,Arid,Temperate,1,Tunisia,Netherlands,0.9,0.5,25.4,0.2667,0.0085,Tier 3 (Weak)
Tunisia,New Zealand,0.0014,1777.0,1710.0,67.0,1,0,BWh,Cfb,Arid,Temperate,1,Tunisia,New Zealand,0.9,0.5,17.1,0.0,0.0,Tier 3 (Weak)
Tunisia,Norway,0.046,1777.0,1994.0,-217.0,1,0,BWh,Dfc,Arid,Continental,1,Tunisia,Norway,0.9,0.2,24.0,0.4643,0.0149,Tier 2 (Moderate)
Tunisia,Scotland,0.1014,1777.0,1857.0,-80.0,1,0,BWh,Cfb,Arid,Temperate,1,Tunisia,Scotland,0.9,0.5,24.4,0.2029,0.0065,Tier 1 (Strong)
Tunisia,South Korea,0.0262,1777.0,1895.0,-118.0,1,0,BWh,Dwa,Arid,Continental,1,Tunisia,South Korea,0.9,0.2,22.3,0.2815,0.009,Tier 3 (Weak)
Tunisia,Sweden,0.0005,1777.0,1793.0,-16.0,1,0,BWh,Dfc,Arid,Continental,1,Tunisia,Sweden,0.9,0.2,20.3,0.0,0.0,Tier 3 (Weak)
Tunisia,Switzerland,0.054,1777.0,1990.0,-213.0,1,0,BWh,Cfb,Arid,Temperate,1,Tunisia,Switzerland,0.9,0.5,23.4,0.2334,0.0075,Tier 2 (Moderate)
Turkey,Austria,0.0463,1998.0,1929.0,69.0,1,0,Csa,Dfb,Temperate,Continental,1,Turkey,Austria,0.5,0.2,21.2,0.1341,0.0043,Tier 2 (Moderate)
Turkey,Belgium,0.1628,1998.0,2002.0,-4.0,1,1,Csa,Cfb,Temperate,Temperate,0,Turkey,Belgium,0.5,0.5,22.8,0.0,0.0,None
Turkey,Bosnia and Herzegovina,0.0273,1998.0,1653.0,345.0,1,1,Csa,Cfb,Temperate,Temperate,0,Turkey,Bosnia and Herzegovina,0.5,0.5,17.1,0.0,0.0,None
Turkey,Canada,0.0356,1998.0,1903.0,95.0,1,0,Csa,Dfc,Temperate,Continental,1,Turkey,Canada,0.5,0.2,22.3,0.158,0.0051,Tier 2 (Moderate)
Turkey,Croatia,0.0144,1998.0,1979.0,19.0,1,1,Csa,Cfb,Temperate,Temperate,0,Turkey,Croatia,0.5,0.5,24.7,0.0,0.0,None
Turkey,Czech Republic,0.0148,1998.0,1837.0,161.0,1,0,Csa,Dfb,Temperate,Continental,1,Turkey,Czech Republic,0.5,0.2,23.9,0.1755,0.0056,Tier 3 (Weak)
Turkey,England,0.0236,1998.0,2083.0,-85.0,1,1,Csa,Cfb,Temperate,Temperate,0,Turkey,England,0.5,0.5,24.7,0.0,0.0,None
Turkey,France,0.0854,1998.0,2160.0,-162.0,1,1,Csa,Cfb,Temperate,Temperate,0,Turkey,France,0.5,0.5,23.8,0.0,0.0,None
Turkey,Germany,0.0723,1998.0,2032.0,-34.0,1,1,Csa,Cfb,Temperate,Temperate,0,Turkey,Germany,0.5,0.5,22.9,0.0,0.0,None
Turkey,Netherlands,0.0374,1998.0,2006.0,-8.0,1,1,Csa,Cfb,Temperate,Temperate,0,Turkey,Netherlands,0.5,0.5,22.6,0.0,0.0,None
Turkey,New Zealand,0.0749,1998.0,1710.0,288.0,1,1,Csa,Cfb,Temperate,Temperate,0,Turkey,New Zealand,0.5,0.5,20.2,0.0,0.0,None
Turkey,Norway,0.0631,1998.0,1994.0,4.0,1,0,Csa,Dfc,Temperate,Continental,1,Turkey,Norway,0.5,0.2,23.8,0.2144,0.0069,Tier 2 (Moderate)
Turkey,Scotland,0.0054,1998.0,1857.0,141.0,1,1,Csa,Cfb,Temperate,Temperate,0,Turkey,Scotland,0.5,0.5,25.6,0.0,0.0,None
Turkey,South Korea,0.0158,1998.0,1895.0,103.0,1,0,Csa,Dwa,Temperate,Continental,1,Turkey,South Korea,0.5,0.2,23.9,0.1755,0.0056,Tier 3 (Weak)
Turkey,Sweden,0.0294,1998.0,1793.0,205.0,1,0,Csa,Dfc,Temperate,Continental,1,Turkey,Sweden,0.5,0.2,21.2,0.1412,0.0045,Tier 3 (Weak)
Turkey,Switzerland,0.0391,1998.0,1990.0,8.0,1,1,Csa,Cfb,Temperate,Temperate,0,Turkey,Switzerland,0.5,0.5,22.3,0.0,0.0,None
United States,Austria,0.0197,1832.0,1929.0,-97.0,1,0,Cfa,Dfb,Temperate,Continental,1,United States,Austria,0.5,0.2,19.8,0.0886,0.0028,Tier 3 (Weak)
United States,Belgium,0.099,1832.0,2002.0,-170.0,1,1,Cfa,Cfb,Temperate,Temperate,0,United States,Belgium,0.5,0.5,21.8,0.0,0.0,None
United States,Bosnia and Herzegovina,0.0106,1832.0,1653.0,179.0,1,1,Cfa,Cfb,Temperate,Temperate,0,United States,Bosnia and Herzegovina,0.5,0.5,17.1,0.0,0.0,None
United States,Canada,0.0173,1832.0,1903.0,-71.0,1,0,Cfa,Dfc,Temperate,Continental,1,United States,Canada,0.5,0.2,22.2,0.1441,0.0046,Tier 3 (Weak)
United States,Croatia,0.003,1832.0,1979.0,-147.0,1,1,Cfa,Cfb,Temperate,Temperate,0,United States,Croatia,0.5,0.5,22.0,0.0,0.0,None
United States,Czech Republic,0.004,1832.0,1837.0,-5.0,1,0,Cfa,Dfb,Temperate,Continental,1,United States,Czech Republic,0.5,0.2,18.7,0.0,0.0,Tier 3 (Weak)
United States,England,0.0067,1832.0,2083.0,-251.0,1,1,Cfa,Cfb,Temperate,Temperate,0,United States,England,0.5,0.5,23.9,0.0,0.0,None
United States,France,0.0668,1832.0,2160.0,-328.0,1,1,Cfa,Cfb,Temperate,Temperate,0,United States,France,0.5,0.5,23.8,0.0,0.0,None
United States,Germany,0.0472,1832.0,2032.0,-200.0,1,1,Cfa,Cfb,Temperate,Temperate,0,United States,Germany,0.5,0.5,23.8,0.0,0.0,None
United States,Netherlands,0.0151,1832.0,2006.0,-174.0,1,1,Cfa,Cfb,Temperate,Temperate,0,United States,Netherlands,0.5,0.5,22.4,0.0,0.0,None
United States,New Zealand,0.0704,1832.0,1710.0,122.0,1,1,Cfa,Cfb,Temperate,Temperate,0,United States,New Zealand,0.5,0.5,18.8,0.0,0.0,None
United States,Norway,0.041,1832.0,1994.0,-162.0,1,0,Cfa,Dfc,Temperate,Continental,1,United States,Norway,0.5,0.2,24.0,0.2111,0.0068,Tier 2 (Moderate)
United States,Scotland,0.001,1832.0,1857.0,-25.0,1,1,Cfa,Cfb,Temperate,Temperate,0,United States,Scotland,0.5,0.5,20.3,0.0,0.0,None
United States,South Korea,0.0045,1832.0,1895.0,-63.0,1,0,Cfa,Dwa,Temperate,Continental,1,United States,South Korea,0.5,0.2,18.7,0.0,0.0,Tier 3 (Weak)
United States,Sweden,0.012,1832.0,1793.0,39.0,1,0,Cfa,Dfc,Temperate,Continental,1,United States,Sweden,0.5,0.2,16.1,0.0,0.0,Tier 3 (Weak)
United States,Switzerland,0.0211,1832.0,1990.0,-158.0,1,1,Cfa,Cfb,Temperate,Temperate,0,United States,Switzerland,0.5,0.5,21.0,0.0,0.0,None
Uruguay,Austria,0.1243,1986.0,1929.0,57.0,1,0,Cfa,Dfb,Temperate,Continental,1,Uruguay,Austria,0.5,0.2,24.0,0.1729,0.0055,Tier 2 (Moderate)
Uruguay,Belgium,0.0598,1986.0,2002.0,-16.0,1,1,Cfa,Cfb,Temperate,Temperate,0,Uruguay,Belgium,0.5,0.5,23.3,0.0,0.0,None
Uruguay,Bosnia and Herzegovina,0.0005,1986.0,1653.0,333.0,1,1,Cfa,Cfb,Temperate,Temperate,0,Uruguay,Bosnia and Herzegovina,0.5,0.5,19.8,0.0,0.0,None
Uruguay,Canada,0.0118,1986.0,1903.0,83.0,1,0,Cfa,Dfc,Temperate,Continental,1,Uruguay,Canada,0.5,0.2,23.9,0.1843,0.0059,Tier 3 (Weak)
Uruguay,Croatia,0.0386,1986.0,1979.0,7.0,1,1,Cfa,Cfb,Temperate,Temperate,0,Uruguay,Croatia,0.5,0.5,23.9,0.0,0.0,None
Uruguay,Czech Republic,0.0131,1986.0,1837.0,149.0,1,0,Cfa,Dfb,Temperate,Continental,1,Uruguay,Czech Republic,0.5,0.2,22.8,0.1462,0.0047,Tier 3 (Weak)
Uruguay,England,0.0626,1986.0,2083.0,-97.0,1,1,Cfa,Cfb,Temperate,Temperate,0,Uruguay,England,0.5,0.5,23.9,0.0,0.0,None
Uruguay,France,0.0462,1986.0,2160.0,-174.0,1,1,Cfa,Cfb,Temperate,Temperate,0,Uruguay,France,0.5,0.5,25.6,0.0,0.0,None
Uruguay,Germany,0.0228,1986.0,2032.0,-46.0,1,1,Cfa,Cfb,Temperate,Temperate,0,Uruguay,Germany,0.5,0.5,24.9,0.0,0.0,None
Uruguay,Netherlands,0.0142,1986.0,2006.0,-20.0,1,1,Cfa,Cfb,Temperate,Temperate,0,Uruguay,Netherlands,0.5,0.5,23.8,0.0,0.0,None
Uruguay,New Zealand,0.0216,1986.0,1710.0,276.0,1,1,Cfa,Cfb,Temperate,Temperate,0,Uruguay,New Zealand,0.5,0.5,22.4,0.0,0.0,None
Uruguay,Norway,0.0242,1986.0,1994.0,-8.0,1,0,Cfa,Dfc,Temperate,Continental,1,Uruguay,Norway,0.5,0.2,25.6,0.2479,0.0079,Tier 3 (Weak)
Uruguay,Scotland,0.0036,1986.0,1857.0,129.0,1,1,Cfa,Cfb,Temperate,Temperate,0,Uruguay,Scotland,0.5,0.5,27.5,0.0,0.0,None
Uruguay,South Korea,0.0127,1986.0,1895.0,91.0,1,0,Cfa,Dwa,Temperate,Continental,1,Uruguay,South Korea,0.5,0.2,22.8,0.1706,0.0055,Tier 3 (Weak)
Uruguay,Sweden,0.0025,1986.0,1793.0,193.0,1,0,Cfa,Dfc,Temperate,Continental,1,Uruguay,Sweden,0.5,0.2,21.6,0.1328,0.0043,Tier 3 (Weak)
Uruguay,Switzerland,0.0232,1986.0,1990.0,-4.0,1,1,Cfa,Cfb,Temperate,Temperate,0,Uruguay,Switzerland,0.5,0.5,24.7,0.0,0.0,None
Uzbekistan,Austria,0.0099,1823.0,1929.0,-106.0,1,0,BWk,Dfb,Arid,Continental,1,Uzbekistan,Austria,0.4,0.2,22.9,0.1009,0.0032,Tier 3 (Weak)
Uzbekistan,Belgium,0.005,1823.0,2002.0,-179.0,0,1,BWk,Cfb,Arid,Temperate,1,Uzbekistan,Belgium,0.4,0.5,19.7,0.0,0.0,Tier 3 (Weak)
Uzbekistan,Canada,0.0043,1823.0,1903.0,-80.0,1,0,BWk,Dfc,Arid,Continental,1,Uzbekistan,Canada,0.4,0.2,21.9,0.1018,0.0033,Tier 3 (Weak)
Uzbekistan,Croatia,0.0724,1823.0,1979.0,-156.0,0,1,BWk,Cfb,Arid,Temperate,1,Uzbekistan,Croatia,0.4,0.5,24.4,0.0,0.0,Tier 3 (Weak)
Uzbekistan,Czech Republic,0.0033,1823.0,1837.0,-14.0,1,0,BWk,Dfb,Arid,Continental,1,Uzbekistan,Czech Republic,0.4,0.2,17.6,0.0,0.0,Tier 3 (Weak)
Uzbekistan,England,0.0915,1823.0,2083.0,-260.0,0,1,BWk,Cfb,Arid,Temperate,1,Uzbekistan,England,0.4,0.5,25.3,0.0,0.0,Tier 3 (Weak)
Uzbekistan,France,0.007,1823.0,2160.0,-337.0,0,1,BWk,Cfb,Arid,Temperate,1,Uzbekistan,France,0.4,0.5,25.8,0.0,0.0,Tier 3 (Weak)
Uzbekistan,Germany,0.0066,1823.0,2032.0,-209.0,0,1,BWk,Cfb,Arid,Temperate,1,Uzbekistan,Germany,0.4,0.5,23.9,0.0,0.0,Tier 3 (Weak)
Uzbekistan,Netherlands,0.003,1823.0,2006.0,-183.0,0,1,BWk,Cfb,Arid,Temperate,1,Uzbekistan,Netherlands,0.4,0.5,22.3,0.0,0.0,Tier 3 (Weak)
Uzbekistan,New Zealand,0.0007,1823.0,1710.0,113.0,0,1,BWk,Cfb,Arid,Temperate,1,Uzbekistan,New Zealand,0.4,0.5,15.2,0.0,0.0,Tier 3 (Weak)
Uzbekistan,Norway,0.0062,1823.0,1994.0,-171.0,1,0,BWk,Dfc,Arid,Continental,1,Uzbekistan,Norway,0.4,0.2,21.7,0.08,0.0026,Tier 3 (Weak)
Uzbekistan,Scotland,0.0018,1823.0,1857.0,-34.0,0,1,BWk,Cfb,Arid,Temperate,1,Uzbekistan,Scotland,0.4,0.5,22.8,0.0,0.0,Tier 3 (Weak)
Uzbekistan,South Korea,0.0028,1823.0,1895.0,-72.0,1,0,BWk,Dwa,Arid,Continental,1,Uzbekistan,South Korea,0.4,0.2,17.6,0.0,0.0,Tier 3 (Weak)
Uzbekistan,Sweden,0.0015,1823.0,1793.0,30.0,1,0,BWk,Dfc,Arid,Continental,1,Uzbekistan,Sweden,0.4,0.2,16.4,0.0,0.0,Tier 3 (Weak)
Uzbekistan,Switzerland,0.0093,1823.0,1990.0,-167.0,0,1,BWk,Cfb,Arid,Temperate,1,Uzbekistan,Switzerland,0.4,0.5,15.2,0.0,0.0,Tier 3 (Weak)
