Group,Date,Home_Team,Away_Team,Host_City,Home_Koppen,Home_Climate_Zone,Home_Warm_Climate,Home_Elo,Away_Koppen,Away_Climate_Zone,Away_Warm_Climate,Away_Elo,Home_Is_Host,Away_Is_Host,Home_Win_Prob,Away_Win_Prob,Draw_Prob,City_Temp,Tournament_Avg_Temp_C,Warm_Cup,Year,Stage,Host_Country
A,2026-06-11,Mexico,South Africa,Estadio Azteca,BSh,Arid,1,1956.6,BSh,Arid,1,1673.0,True,False,0.901,0.099,0.0,17.6,22.5,1,2026,Group Stage,"USA, Canada, Mexico"
A,2026-06-11,South Korea,Czech Republic,Estadio Akron,Dwa,Continental,0,1895.5,Dfb,Continental,0,1836.8,False,False,0.5837,0.4163,0.0,22.5,22.5,1,2026,Group Stage,"USA, Canada, Mexico"
B,2026-06-12,Canada,Bosnia and Herzegovina,BMO Field,Dfc,Continental,0,1903.2,Cfb,Temperate,0,1653.4,True,False,0.8822,0.1178,0.0,19.4,22.5,1,2026,Group Stage,"USA, Canada, Mexico"
D,2026-06-12,United States,Paraguay,SoFi Stadium,Cfa,Temperate,1,1831.8,Cfa,Temperate,1,1936.6,True,False,0.4931,0.5069,0.0,19.8,22.5,1,2026,Group Stage,"USA, Canada, Mexico"
B,2026-06-13,Qatar,Switzerland,Levi's Stadium,BWh,Arid,1,1552.2,Cfb,Temperate,0,1989.9,False,False,0.0745,0.9255,0.0,20.1,22.5,1,2026,Group Stage,"USA, Canada, Mexico"
C,2026-06-13,Brazil,Morocco,MetLife Stadium,Am,Tropical,1,2081.3,Csa,Temperate,1,1987.6,False,False,0.6317,0.3683,0.0,22.5,22.5,1,2026,Group Stage,"USA, Canada, Mexico"
C,2026-06-13,Haiti,Scotland,Gillette Stadium,Aw,Tropical,1,1660.9,Cfb,Temperate,0,1857.3,False,False,0.2441,0.7559,0.0,20.3,22.5,1,2026,Group Stage,"USA, Canada, Mexico"
D,2026-06-13,Australia,Turkey,BC Place,BWh,Arid,1,1890.6,Csa,Temperate,1,1998.1,False,False,0.35,0.65,0.0,15.2,22.5,1,2026,Group Stage,"USA, Canada, Mexico"
E,2026-06-14,Germany,Curaçao,NRG Stadium,Cfb,Temperate,0,2031.5,BSh,Arid,1,1594.7,False,False,0.9251,0.0749,0.0,28.3,22.5,1,2026,Group Stage,"USA, Canada, Mexico"
E,2026-06-14,Ivory Coast,Ecuador,Lincoln Financial Field,Aw,Tropical,1,1835.7,Af,Tropical,1,2033.4,False,False,0.2427,0.7573,0.0,23.0,22.5,1,2026,Group Stage,"USA, Canada, Mexico"
F,2026-06-14,Netherlands,Japan,AT&T Stadium,Cfb,Temperate,0,2005.7,Cfa,Temperate,1,2007.9,False,False,0.4968,0.5032,0.0,28.5,22.5,1,2026,Group Stage,"USA, Canada, Mexico"
F,2026-06-14,Sweden,Tunisia,Estadio BBVA,Dfc,Continental,0,1793.4,BWh,Arid,1,1777.1,False,False,0.5234,0.4766,0.0,28.8,22.5,1,2026,Group Stage,"USA, Canada, Mexico"
G,2026-06-15,Belgium,Egypt,Lumen Field,Cfb,Temperate,0,2002.4,BWh,Arid,1,1817.7,False,False,0.7433,0.2567,0.0,17.1,22.5,1,2026,Group Stage,"USA, Canada, Mexico"
G,2026-06-15,Iran,New Zealand,SoFi Stadium,BWh,Arid,1,1892.6,Cfb,Temperate,0,1709.6,False,False,0.7414,0.2586,0.0,19.8,22.5,1,2026,Group Stage,"USA, Canada, Mexico"
H,2026-06-15,Spain,Cape Verde,Mercedes-Benz Stadium,Csa,Temperate,1,2216.1,BWh,Arid,1,1660.4,False,False,0.9608,0.0392,0.0,25.4,22.5,1,2026,Group Stage,"USA, Canada, Mexico"
H,2026-06-15,Saudi Arabia,Uruguay,Hard Rock Stadium,BWh,Arid,1,1691.9,Cfa,Temperate,1,1985.7,False,False,0.1556,0.8444,0.0,28.0,22.5,1,2026,Group Stage,"USA, Canada, Mexico"
I,2026-06-16,France,Senegal,MetLife Stadium,Cfb,Temperate,0,2159.9,BSh,Arid,1,1933.0,False,False,0.7869,0.2131,0.0,22.5,22.5,1,2026,Group Stage,"USA, Canada, Mexico"
I,2026-06-16,Iraq,Norway,Gillette Stadium,BWh,Arid,1,1727.1,Dfc,Continental,0,1993.6,False,False,0.1774,0.8226,0.0,20.3,22.5,1,2026,Group Stage,"USA, Canada, Mexico"
J,2026-06-16,Argentina,Algeria,Arrowhead Stadium,Cfa,Temperate,1,2189.8,BWh,Arid,1,1885.2,False,False,0.8524,0.1476,0.0,24.2,22.5,1,2026,Group Stage,"USA, Canada, Mexico"
J,2026-06-16,Austria,Jordan,Levi's Stadium,Dfb,Continental,0,1929.3,BWh,Arid,1,1766.2,False,False,0.7189,0.2811,0.0,20.1,22.5,1,2026,Group Stage,"USA, Canada, Mexico"
K,2026-06-17,Portugal,DR Congo,NRG Stadium,Csa,Temperate,1,2048.9,Am,Tropical,1,1774.0,False,False,0.8296,0.1704,0.0,28.3,22.5,1,2026,Group Stage,"USA, Canada, Mexico"
K,2026-06-17,Uzbekistan,Colombia,Estadio Azteca,BWk,Arid,1,1823.1,Af,Tropical,1,2083.4,False,False,0.1827,0.8173,0.0,17.6,22.5,1,2026,Group Stage,"USA, Canada, Mexico"
L,2026-06-17,England,Croatia,AT&T Stadium,Cfb,Temperate,0,2083.0,Cfb,Temperate,0,1978.9,False,False,0.6455,0.3545,0.0,28.5,22.5,1,2026,Group Stage,"USA, Canada, Mexico"
L,2026-06-17,Ghana,Panama,BMO Field,Aw,Tropical,1,1661.8,Am,Tropical,1,1830.9,False,False,0.2742,0.7258,0.0,19.4,22.5,1,2026,Group Stage,"USA, Canada, Mexico"
A,2026-06-18,Czech Republic,South Africa,Mercedes-Benz Stadium,Dfb,Continental,0,1836.8,BSh,Arid,1,1673.0,False,False,0.7197,0.2803,0.0,25.4,22.5,1,2026,Group Stage,"USA, Canada, Mexico"
A,2026-06-18,Mexico,South Korea,Estadio Akron,BSh,Arid,1,1956.6,Dwa,Continental,0,1895.5,True,False,0.7165,0.2835,0.0,22.5,22.5,1,2026,Group Stage,"USA, Canada, Mexico"
B,2026-06-18,Switzerland,Bosnia and Herzegovina,SoFi Stadium,Cfb,Temperate,0,1989.9,Cfb,Temperate,0,1653.4,False,False,0.874,0.126,0.0,19.8,22.5,1,2026,Group Stage,"USA, Canada, Mexico"
B,2026-06-18,Canada,Qatar,BC Place,Dfc,Continental,0,1903.2,BWh,Arid,1,1552.2,True,False,0.9306,0.0694,0.0,15.2,22.5,1,2026,Group Stage,"USA, Canada, Mexico"
C,2026-06-19,Scotland,Morocco,Gillette Stadium,Cfb,Temperate,0,1857.3,Csa,Temperate,1,1987.6,False,False,0.3208,0.6792,0.0,20.3,22.5,1,2026,Group Stage,"USA, Canada, Mexico"
C,2026-06-19,Brazil,Haiti,Lincoln Financial Field,Am,Tropical,1,2081.3,Aw,Tropical,1,1660.9,False,False,0.9183,0.0817,0.0,23.0,22.5,1,2026,Group Stage,"USA, Canada, Mexico"
D,2026-06-19,United States,Australia,Lumen Field,Cfa,Temperate,1,1831.8,BWh,Arid,1,1890.6,True,False,0.559,0.441,0.0,17.1,22.5,1,2026,Group Stage,"USA, Canada, Mexico"
D,2026-06-19,Turkey,Paraguay,Levi's Stadium,Csa,Temperate,1,1998.1,Cfa,Temperate,1,1936.6,False,False,0.5876,0.4124,0.0,20.1,22.5,1,2026,Group Stage,"USA, Canada, Mexico"
E,2026-06-20,Germany,Ivory Coast,BMO Field,Cfb,Temperate,0,2031.5,Aw,Tropical,1,1835.7,False,False,0.7553,0.2447,0.0,19.4,22.5,1,2026,Group Stage,"USA, Canada, Mexico"
E,2026-06-20,Ecuador,Curaçao,Arrowhead Stadium,Af,Tropical,1,2033.4,BSh,Arid,1,1594.7,False,False,0.9259,0.0741,0.0,24.2,22.5,1,2026,Group Stage,"USA, Canada, Mexico"
F,2026-06-20,Netherlands,Sweden,NRG Stadium,Cfb,Temperate,0,2005.7,Dfc,Continental,0,1793.4,False,False,0.7724,0.2276,0.0,28.3,22.5,1,2026,Group Stage,"USA, Canada, Mexico"
F,2026-06-20,Tunisia,Japan,Estadio BBVA,BWh,Arid,1,1777.1,Cfa,Temperate,1,2007.9,False,False,0.2094,0.7906,0.0,28.8,22.5,1,2026,Group Stage,"USA, Canada, Mexico"
G,2026-06-21,Belgium,Iran,SoFi Stadium,Cfb,Temperate,0,2002.4,BWh,Arid,1,1892.6,False,False,0.653,0.347,0.0,19.8,22.5,1,2026,Group Stage,"USA, Canada, Mexico"
G,2026-06-21,New Zealand,Egypt,BC Place,Cfb,Temperate,0,1709.6,BWh,Arid,1,1817.7,False,False,0.3493,0.6507,0.0,15.2,22.5,1,2026,Group Stage,"USA, Canada, Mexico"
H,2026-06-21,Spain,Saudi Arabia,Mercedes-Benz Stadium,Csa,Temperate,1,2216.1,BWh,Arid,1,1691.9,False,False,0.9534,0.0466,0.0,25.4,22.5,1,2026,Group Stage,"USA, Canada, Mexico"
H,2026-06-21,Uruguay,Cape Verde,Hard Rock Stadium,Cfa,Temperate,1,1985.7,BWh,Arid,1,1660.4,False,False,0.8668,0.1332,0.0,28.0,22.5,1,2026,Group Stage,"USA, Canada, Mexico"
I,2026-06-22,France,Iraq,Lincoln Financial Field,Cfb,Temperate,0,2159.9,BWh,Arid,1,1727.1,False,False,0.9235,0.0765,0.0,23.0,22.5,1,2026,Group Stage,"USA, Canada, Mexico"
I,2026-06-22,Norway,Senegal,MetLife Stadium,Dfc,Continental,0,1993.6,BSh,Arid,1,1933.0,False,False,0.5863,0.4137,0.0,22.5,22.5,1,2026,Group Stage,"USA, Canada, Mexico"
J,2026-06-22,Argentina,Austria,AT&T Stadium,Cfa,Temperate,1,2189.8,Dfb,Continental,0,1929.3,False,False,0.8175,0.1825,0.0,28.5,22.5,1,2026,Group Stage,"USA, Canada, Mexico"
J,2026-06-22,Jordan,Algeria,Levi's Stadium,BWh,Arid,1,1766.2,BWh,Arid,1,1885.2,False,False,0.3351,0.6649,0.0,20.1,22.5,1,2026,Group Stage,"USA, Canada, Mexico"
K,2026-06-23,Portugal,Uzbekistan,NRG Stadium,Csa,Temperate,1,2048.9,BWk,Arid,1,1823.1,False,False,0.7858,0.2142,0.0,28.3,22.5,1,2026,Group Stage,"USA, Canada, Mexico"
K,2026-06-23,Colombia,DR Congo,Estadio Akron,Af,Tropical,1,2083.4,Am,Tropical,1,1774.0,False,False,0.8558,0.1442,0.0,22.5,22.5,1,2026,Group Stage,"USA, Canada, Mexico"
L,2026-06-23,England,Ghana,Gillette Stadium,Cfb,Temperate,0,2083.0,Aw,Tropical,1,1661.8,False,False,0.9187,0.0813,0.0,20.3,22.5,1,2026,Group Stage,"USA, Canada, Mexico"
L,2026-06-23,Panama,Croatia,BMO Field,Am,Tropical,1,1830.9,Cfb,Temperate,0,1978.9,False,False,0.299,0.701,0.0,19.4,22.5,1,2026,Group Stage,"USA, Canada, Mexico"
A,2026-06-24,Czech Republic,Mexico,Estadio Azteca,Dfb,Continental,0,1836.8,BSh,Arid,1,1956.6,False,True,0.3341,0.6659,0.0,17.6,22.5,1,2026,Group Stage,"USA, Canada, Mexico"
A,2026-06-24,South Africa,South Korea,Estadio BBVA,BSh,Arid,1,1673.0,Dwa,Continental,0,1895.5,False,False,0.2174,0.7826,0.0,28.8,22.5,1,2026,Group Stage,"USA, Canada, Mexico"
B,2026-06-24,Switzerland,Canada,BC Place,Cfb,Temperate,0,1989.9,Dfc,Continental,0,1903.2,False,True,0.6222,0.3778,0.0,15.2,22.5,1,2026,Group Stage,"USA, Canada, Mexico"
B,2026-06-24,Bosnia and Herzegovina,Qatar,Lumen Field,Cfb,Temperate,0,1653.4,BWh,Arid,1,1552.2,False,False,0.6417,0.3583,0.0,17.1,22.5,1,2026,Group Stage,"USA, Canada, Mexico"
C,2026-06-24,Scotland,Brazil,Hard Rock Stadium,Cfb,Temperate,0,1857.3,Am,Tropical,1,2081.3,False,False,0.2159,0.7841,0.0,28.0,22.5,1,2026,Group Stage,"USA, Canada, Mexico"
C,2026-06-24,Morocco,Haiti,Mercedes-Benz Stadium,Csa,Temperate,1,1987.6,Aw,Tropical,1,1660.9,False,False,0.8677,0.1323,0.0,25.4,22.5,1,2026,Group Stage,"USA, Canada, Mexico"
D,2026-06-25,Turkey,United States,SoFi Stadium,Csa,Temperate,1,1998.1,Cfa,Temperate,1,1831.8,False,True,0.7226,0.2774,0.0,19.8,22.5,1,2026,Group Stage,"USA, Canada, Mexico"
D,2026-06-25,Paraguay,Australia,Levi's Stadium,Cfa,Temperate,1,1936.6,BWh,Arid,1,1890.6,False,False,0.5658,0.4342,0.0,20.1,22.5,1,2026,Group Stage,"USA, Canada, Mexico"
E,2026-06-25,Curaçao,Ivory Coast,Lincoln Financial Field,BSh,Arid,1,1594.7,Aw,Tropical,1,1835.7,False,False,0.1998,0.8002,0.0,23.0,22.5,1,2026,Group Stage,"USA, Canada, Mexico"
E,2026-06-25,Ecuador,Germany,MetLife Stadium,Af,Tropical,1,2033.4,Cfb,Temperate,0,2031.5,False,False,0.5027,0.4973,0.0,22.5,22.5,1,2026,Group Stage,"USA, Canada, Mexico"
F,2026-06-25,Japan,Sweden,AT&T Stadium,Cfa,Temperate,1,2007.9,Dfc,Continental,0,1793.4,False,False,0.7747,0.2253,0.0,28.5,22.5,1,2026,Group Stage,"USA, Canada, Mexico"
F,2026-06-25,Tunisia,Netherlands,Arrowhead Stadium,BWh,Arid,1,1777.1,Cfb,Temperate,0,2005.7,False,False,0.2115,0.7885,0.0,24.2,22.5,1,2026,Group Stage,"USA, Canada, Mexico"
G,2026-06-26,Egypt,Iran,Lumen Field,BWh,Arid,1,1817.7,BWh,Arid,1,1892.6,False,False,0.3938,0.6062,0.0,17.1,22.5,1,2026,Group Stage,"USA, Canada, Mexico"
G,2026-06-26,New Zealand,Belgium,BC Place,Cfb,Temperate,0,1709.6,Cfb,Temperate,0,2002.4,False,False,0.1564,0.8436,0.0,15.2,22.5,1,2026,Group Stage,"USA, Canada, Mexico"
H,2026-06-26,Cape Verde,Saudi Arabia,NRG Stadium,BWh,Arid,1,1660.4,BWh,Arid,1,1691.9,False,False,0.4548,0.5452,0.0,28.3,22.5,1,2026,Group Stage,"USA, Canada, Mexico"
H,2026-06-26,Uruguay,Spain,Estadio Akron,Cfa,Temperate,1,1985.7,Csa,Temperate,1,2216.1,False,False,0.2098,0.7902,0.0,22.5,22.5,1,2026,Group Stage,"USA, Canada, Mexico"
I,2026-06-26,Norway,France,Gillette Stadium,Dfc,Continental,0,1993.6,Cfb,Temperate,0,2159.9,False,False,0.2774,0.7226,0.0,20.3,22.5,1,2026,Group Stage,"USA, Canada, Mexico"
I,2026-06-26,Senegal,Iraq,BMO Field,BSh,Arid,1,1933.0,BWh,Arid,1,1727.1,False,False,0.7659,0.2341,0.0,19.4,22.5,1,2026,Group Stage,"USA, Canada, Mexico"
J,2026-06-27,Algeria,Austria,Arrowhead Stadium,BWh,Arid,1,1885.2,Dfb,Continental,0,1929.3,False,False,0.4369,0.5631,0.0,24.2,22.5,1,2026,Group Stage,"USA, Canada, Mexico"
J,2026-06-27,Jordan,Argentina,AT&T Stadium,BWh,Arid,1,1766.2,Cfa,Temperate,1,2189.8,False,False,0.0803,0.9197,0.0,28.5,22.5,1,2026,Group Stage,"USA, Canada, Mexico"
K,2026-06-27,Colombia,Portugal,Hard Rock Stadium,Af,Tropical,1,2083.4,Csa,Temperate,1,2048.9,False,False,0.5495,0.4505,0.0,28.0,22.5,1,2026,Group Stage,"USA, Canada, Mexico"
K,2026-06-27,DR Congo,Uzbekistan,Mercedes-Benz Stadium,Am,Tropical,1,1774.0,BWk,Arid,1,1823.1,False,False,0.4298,0.5702,0.0,25.4,22.5,1,2026,Group Stage,"USA, Canada, Mexico"
L,2026-06-27,Panama,England,MetLife Stadium,Am,Tropical,1,1830.9,Cfb,Temperate,0,2083.0,False,False,0.1898,0.8102,0.0,22.5,22.5,1,2026,Group Stage,"USA, Canada, Mexico"
L,2026-06-27,Croatia,Ghana,Lincoln Financial Field,Cfb,Temperate,0,1978.9,Aw,Tropical,1,1661.8,False,False,0.8612,0.1388,0.0,23.0,22.5,1,2026,Group Stage,"USA, Canada, Mexico"
