Date,Team,Elo
1930-07-13,Mexico,1496.6244322278121
1930-07-13,France,1311.1263455438802
1930-07-13,Belgium,1446.0034306775844
1930-07-13,United States,1508.5156838472092
1930-07-14,Peru,1388.9042135405386
1930-07-14,Romania,1477.7401773555566
1930-07-14,Brazil,1582.5005209174815
1930-07-14,Yugoslavia,1479.2052769529575
1930-07-15,Argentina,1773.182684354223
1930-07-15,France,1376.2910972703812
1930-07-16,Chile,1365.92765991094
1930-07-16,Mexico,1431.4596805013111
1930-07-17,Paraguay,1538.4480224857048
1930-07-17,Yugoslavia,1524.9968136946625
1930-07-17,United States,1566.6584693898963
1930-07-17,Bolivia,1298.3054697461685
1930-07-18,Peru,1342.458740433861
1930-07-18,Uruguay,1697.5947184232941
1930-07-19,France,1373.0421337858065
1930-07-19,Chile,1413.2363217626762
1930-07-19,Mexico,1384.1510186495748
1930-07-19,Argentina,1776.4316478387977
1930-07-20,Bolivia,1261.703631490814
1930-07-20,Belgium,1387.8606451348974
1930-07-20,Brazil,1536.7089841757765
1930-07-20,Paraguay,1475.251899005918
1930-07-21,Romania,1524.1856504622342
1930-07-21,Uruguay,1701.6665573938458
1930-07-22,Chile,1431.7478409812454
1930-07-22,Argentina,1782.261776979218
1930-07-26,Argentina,1788.5227666040805
1930-07-26,United States,1629.854592869683
1930-07-27,Uruguay,1720.6068464994296
1930-07-27,Yugoslavia,1561.598651950017
1930-07-30,Argentina,1810.611143981128
1930-07-30,Uruguay,1742.659969794981
1934-05-27,France,1456.8722386412128
1934-05-27,Argentina,1786.2423826921606
1934-05-27,Romania,1556.8960279447217
1934-05-27,Brazil,1682.975296854381
1934-05-27,Sweden,1598.191349538652
1934-05-27,Austria,1865.2749220611395
1934-05-27,Germany,1633.3264624282644
1934-05-27,Hungary,1647.9949339324712
1934-05-27,Netherlands,1479.2273826285887
1934-05-27,Switzerland,1427.3809380776286
1934-05-27,Belgium,1321.3307259599433
1934-05-27,Egypt,1589.3215544510667
1934-05-27,Spain,1744.6284182716756
1934-05-27,Czechoslovakia,1655.7553735764577
1934-05-27,United States,1625.8908832816028
1934-05-27,Italy,1765.5325380352037
1934-05-31,Sweden,1648.5907605359043
1934-05-31,Austria,1868.3261700270684
1934-05-31,Hungary,1698.3224728873415
1934-05-31,Switzerland,1469.7168044822279
1934-05-31,Spain,1794.5750517595072
1934-05-31,Czechoslovakia,1670.2425921701674
1934-05-31,Italy,1791.1716661444939
1934-05-31,Germany,1657.2534051299701
1934-06-01,Spain,1802.7074043075568
1934-06-01,Italy,1783.0393135964443
1934-06-03,Germany,1678.165131212046
1934-06-03,Austria,1878.794426864405
1934-06-03,Czechoslovakia,1679.2781117570044
1934-06-03,Italy,1806.2239182722878
1934-06-07,Austria,1851.1579710380856
1934-06-07,Germany,1645.9037031906307
1934-06-10,Czechoslovakia,1711.5395397784196
1934-06-10,Italy,1833.8603740986073
1938-06-04,Switzerland,1487.4728977155119
1938-06-04,Germany,1712.5920808529638
1938-06-05,Netherlands,1528.5739081271481
1938-06-05,Brazil,1610.4621332198678
1938-06-05,Hungary,1751.7027210027031
1938-06-05,Cuba,1473.417689036771
1938-06-05,Dutch East Indies,1505.4351279617943
1938-06-05,Belgium,1402.5299756569416
1938-06-05,Norway,1502.5591751233308
1938-06-05,Poland,1542.1276528848086
1938-06-05,Czechoslovakia,1614.8309456467196
1938-06-05,Romania,1489.3304446540967
1938-06-05,Italy,1880.7566850194498
1938-06-05,France,1472.1999985548935
1938-06-09,Cuba,1466.295532587494
1938-06-09,Switzerland,1509.4710552414986
1938-06-09,Romania,1496.4526011033736
1938-06-09,Germany,1690.5939233269771
1938-06-12,Czechoslovakia,1641.6047284377291
1938-06-12,Italy,1884.352657356683
1938-06-12,Brazil,1626.9667917602308
1938-06-12,France,1496.819249480288
1938-06-12,Hungary,1766.9913296781983
1938-06-12,Sweden,1521.7808367060793
1938-06-12,Cuba,1490.3447523702455
1938-06-12,Switzerland,1584.581172726302
1938-06-14,Czechoslovakia,1648.8306666736864
1938-06-14,Brazil,1619.7408535242735
1938-06-16,Brazil,1643.7015991983772
1938-06-16,Sweden,1610.459500188961
1938-06-16,Hungary,1781.789357450662
1938-06-16,Italy,1898.7896215140017
1938-06-19,Sweden,1590.9549085271217
1938-06-19,Italy,1916.2220763781754
1938-06-19,Brazil,1626.2691443342035
1938-06-19,Hungary,1801.2939491125014
1950-06-24,Brazil,1781.01565883112
1950-06-24,Mexico,1657.1429119270042
1950-06-25,England,1882.2312376423365
1950-06-25,Chile,1437.3371122085061
1950-06-25,Sweden,1726.4606448915717
1950-06-25,Yugoslavia,1691.5396066190797
1950-06-25,Switzerland,1522.4758116198268
1950-06-25,Spain,1683.1982245851248
1950-06-25,United States,1430.4902070111375
1950-06-25,Italy,1823.3017676952536
1950-06-28,Switzerland,1480.2765261424977
1950-06-28,Mexico,1632.8349954424039
1950-06-28,Brazil,1805.3235753157203
1950-06-28,Yugoslavia,1733.7388920964088
1950-06-29,Spain,1693.642990561208
1950-06-29,United States,1420.0454410350542
1950-06-29,England,1893.0985159539832
1950-06-29,Chile,1426.4698338968594
1950-06-29,Sweden,1771.8453721868593
1950-06-29,Paraguay,1713.86098223594
1950-07-01,Brazil,1780.104090758866
1950-07-01,Yugoslavia,1786.1023071602413
1950-07-02,Switzerland,1505.496010699352
1950-07-02,Spain,1718.5201356724147
1950-07-02,United States,1477.9086131090583
1950-07-02,Italy,1777.917040399966
1950-07-02,Bolivia,1284.3649935883898
1950-07-02,England,1835.2353438799792
1950-07-02,Chile,1401.5926887856529
1950-07-02,Mexico,1580.4715803785716
1950-07-02,Paraguay,1710.2506451559543
1950-07-02,Uruguay,1629.749723977938
1950-07-09,Brazil,1813.217574775449
1950-07-09,Uruguay,1657.655851259965
1950-07-09,Sweden,1775.455709266845
1950-07-09,Spain,1765.1322790375673
1950-07-13,Spain,1749.081400364819
1950-07-13,Uruguay,1673.7067299327132
1950-07-13,Brazil,1852.936420790136
1950-07-13,Sweden,1735.736863252158
1950-07-16,Spain,1720.734299156251
1950-07-16,Brazil,1881.2835219987041
1950-07-16,Uruguay,1716.764342400898
1950-07-16,Sweden,1692.6792507839732
1954-06-16,Brazil,1835.8260019995575
1954-06-16,France,1624.3110516625522
1954-06-16,Uruguay,1778.2813728954327
1954-06-16,Yugoslavia,1801.2735235736545
1954-06-16,Mexico,1590.2297457124243
1954-06-16,Austria,1694.060214713993
1954-06-16,Scotland,1698.0856409176683
1954-06-16,Czechoslovakia,1594.9543925466407
1954-06-17,Italy,1745.297184376119
1954-06-17,England,1802.119171124403
1954-06-17,South Korea,1594.7858670744822
1954-06-17,Hungary,1941.202223617798
1954-06-17,Turkey,1538.546350924329
1954-06-17,Switzerland,1498.860250850517
1954-06-17,Belgium,1634.7894259357124
1954-06-19,Austria,1715.9776506837957
1954-06-19,Scotland,1676.1682049478657
1954-06-19,Czechoslovakia,1560.5446592367464
1954-06-19,Mexico,1575.7914552600262
1954-06-19,Brazil,1850.2642924519557
1954-06-19,France,1600.8499214490482
1954-06-19,Uruguay,1812.691106205327
1954-06-19,Yugoslavia,1824.7346537871585
1954-06-20,Belgium,1640.5314427124194
1954-06-20,Italy,1703.3519045622286
1954-06-20,England,1796.377154347696
1954-06-20,Turkey,1527.322698630625
1954-06-20,South Korea,1584.119533216611
1954-06-20,Hungary,1951.8685574756691
1954-06-20,Switzerland,1540.8055306644076
1954-06-23,Italy,1761.4486512130031
1954-06-23,Turkey,1623.3728376894303
1954-06-23,Switzerland,1514.7084622992554
1954-06-26,Austria,1738.4036428160807
1954-06-26,Switzerland,1588.1512474891651
1954-06-26,England,1822.4742227128481
1954-06-26,Uruguay,1873.1214363715785
1954-06-27,Brazil,1839.8734463241117
1954-06-27,Hungary,2006.1328445880492
1954-06-27,Yugoslavia,1835.1254999150026
1954-06-30,Uruguay,1924.4709802033012
1954-06-30,Austria,1776.9399430282992
1954-06-30,Hungary,2042.6534509094658
1954-07-03,Uruguay,1904.520656169177
1954-07-03,Austria,1708.2811434526334
1954-07-04,Hungary,2062.60377494359
1958-06-08,Wales,1552.498977303077
1958-06-08,England,1838.3477141627911
1958-06-08,Czechoslovakia,1772.2666046086638
1958-06-08,Argentina,1858.7674910292806
1958-06-08,Brazil,1818.4351796133315
1958-06-08,Northern Ireland,1528.2176798801436
1958-06-08,Paraguay,1576.5340503109533
1958-06-08,France,1685.0681176952148
1958-06-08,Hungary,1905.2888391141712
1958-06-08,Yugoslavia,1777.165044136656
1958-06-08,Mexico,1670.4597437928533
1958-06-08,Sweden,1649.453152439899
1958-06-08,Austria,1737.5079566786294
1958-06-08,Scotland,1682.8842671358193
1958-06-11,Northern Ireland,1580.9417777931455
1958-06-11,France,1711.1007032524017
1958-06-11,England,1823.2991706942291
1958-06-11,Mexico,1629.6947001410383
1958-06-11,Argentina,1787.1326832043508
1958-06-11,Brazil,1873.8143209654734
1958-06-11,Paraguay,1550.5014647537664
1958-06-11,Austria,1682.1288153264875
1958-06-11,Scotland,1682.3904743256612
1958-06-11,Yugoslavia,1777.658836946814
1958-06-11,Wales,1578.3755786203842
1958-06-11,Czechoslovakia,1719.5425066956618
1958-06-12,Hungary,1879.412237796864
1958-06-12,Sweden,1690.218196091714
1958-06-15,Yugoslavia,1810.5375551143675
1958-06-15,Sweden,1727.7549793204198
1958-06-15,Austria,1634.4984782830597
1958-06-15,Scotland,1649.6446620801048
1958-06-15,Czechoslovakia,1717.3367331742297
1958-06-15,Wales,1590.673587451775
1958-06-15,Northern Ireland,1567.7596631530712
1958-06-15,England,1835.5393701342828
1958-06-15,Mexico,1617.3966913096476
1958-06-15,Argentina,1800.3147978444251
1958-06-15,Brazil,1861.5741215254197
1958-06-15,Paraguay,1583.2472769993228
1958-06-15,France,1678.2219850848483
1958-06-15,Hungary,1841.8754545681581
1958-06-17,Hungary,1856.926908559889
1958-06-17,Wales,1608.4654261277913
1958-06-17,Czechoslovakia,1806.3058509797022
1958-06-17,Northern Ireland,1589.8877642993966
1958-06-17,England,1827.052714984913
1958-06-19,Wales,1661.3503698371492
1958-06-19,Brazil,1888.0380489777485
1958-06-19,Northern Ireland,1641.532158035148
1958-06-19,France,1697.6002582570588
1958-06-19,Yugoslavia,1800.0131566882158
1958-06-19,Sweden,1709.9631406444034
1958-06-24,Brazil,1895.977485274216
1958-06-24,France,1730.1554370598915
1958-06-24,Sweden,1756.875632619897
1958-06-28,France,1711.4690912081626
1958-06-29,Sweden,1794.288530905375
1958-06-29,Brazil,1914.6638311259449
1962-05-30,Chile,1613.87035764367
1962-05-30,Mexico,1682.0192035533792
1962-05-30,Colombia,1336.331799619063
1962-05-30,Switzerland,1564.0741055981284
1962-05-30,Bulgaria,1586.931158782643
1962-05-30,Argentina,1793.7017154683574
1962-05-30,Brazil,1977.3762115079328
1962-05-30,Uruguay,1767.95685998667
1962-05-31,Spain,1810.5437770036785
1962-05-31,Czechoslovakia,1816.6289835255739
1962-05-31,Italy,1726.9857666435569
1962-05-31,England,1800.5092679288184
1962-05-31,Hungary,1797.2506603108297
1962-05-31,Yugoslavia,1886.5746748687404
1962-06-02,Yugoslavia,1858.8122699097548
1962-06-02,Czechoslovakia,1837.7432903665874
1962-06-02,Italy,1737.0184526363848
1962-06-02,Uruguay,1775.7025399670686
1962-06-02,England,1761.8467641247769
1962-06-02,Chile,1640.587735643979
1962-06-02,Argentina,1802.4647928314323
1962-06-02,Brazil,1985.7590126800942
1962-06-03,Mexico,1673.6364023812177
1962-06-03,Colombia,1328.5861196386645
1962-06-03,Hungary,1835.9131641148713
1962-06-03,Switzerland,1537.3567275978196
1962-06-03,Bulgaria,1578.1680814195681
1962-06-03,Spain,1789.429470162665
1962-06-06,Spain,1818.0667255353464
1962-06-06,Argentina,1740.1852480449172
1962-06-06,Brazil,1967.3665139866225
1962-06-06,Hungary,1870.4009574238946
1962-06-06,Uruguay,1728.516626980099
1962-06-06,Chile,1685.125456902856
1962-06-07,Colombia,1355.8150799996022
1962-06-07,Yugoslavia,1905.9981828967243
1962-06-07,Switzerland,1528.3171691464377
1962-06-07,Bulgaria,1543.6802881105448
1962-06-07,Czechoslovakia,1856.135789060059
1962-06-07,Italy,1692.4807313775077
1962-06-07,England,1824.126308911292
1962-06-07,Mexico,1644.9991470085363
1962-06-10,Chile,1635.1854891944852
1962-06-10,Czechoslovakia,1779.000791298893
1962-06-10,England,1809.8100066496343
1962-06-10,Brazil,1978.9049716467928
1962-06-10,Hungary,1867.7984812316383
1962-06-10,Yugoslavia,1914.3609733574049
1962-06-13,Brazil,1994.6752817644629
1962-06-13,Yugoslavia,1942.8433983046682
1962-06-13,Czechoslovakia,1808.033841150072
1962-06-13,Chile,1680.8503206584326
1962-06-16,Yugoslavia,1893.349875455742
1962-06-16,Chile,1660.5077787429768
1962-06-17,Czechoslovakia,1857.5273639989982
1962-06-17,Brazil,2015.0178236799186
1966-07-11,England,1878.8105655911927
1966-07-11,Uruguay,1707.2235672348813
1966-07-12,Switzerland,1512.1772283351443
1966-07-12,Bulgaria,1685.5840677249143
1966-07-12,Brazil,1877.0631175102894
1966-07-12,North Korea,1739.1609258534763
1966-07-13,Mexico,1770.247347506966
1966-07-13,Argentina,1796.1723745905597
1966-07-13,Italy,1861.7442864807927
1966-07-13,France,1594.844431966079
1966-07-13,Hungary,1818.200309892682
1966-07-13,Chile,1624.0188008386556
1966-07-13,Portugal,1718.155220965147
1966-07-13,Spain,1743.5155423253407
1966-07-15,Hungary,1749.8188228915983
1966-07-15,Switzerland,1501.8198747847398
1966-07-15,Spain,1725.9094959999666
1966-07-15,Brazil,1891.2268942371757
1966-07-15,France,1601.2549115874106
1966-07-15,Uruguay,1726.8338405350912
1966-07-15,North Korea,1692.8988959731473
1966-07-15,Chile,1595.9779258208564
1966-07-16,Portugal,1786.5367079662308
1966-07-16,Italy,1889.7851614985918
1966-07-16,England,1859.2002922909828
1966-07-16,Bulgaria,1671.4202909980281
1966-07-16,Mexico,1763.8368678856343
1966-07-16,Argentina,1813.7784209159338
1966-07-19,Uruguay,1754.6291601051082
1966-07-19,North Korea,1693.164753821771
1966-07-19,Portugal,1836.7539495632998
1966-07-19,Switzerland,1493.7768435893113
1966-07-19,Mexico,1741.772593202246
1966-07-19,Argentina,1806.8795820944597
1966-07-19,Italy,1854.4138035902747
1966-07-19,Brazil,1819.1785273179976
1966-07-20,England,1881.264566974371
1966-07-20,Bulgaria,1621.2030494009591
1966-07-20,Spain,1733.952527195395
1966-07-20,France,1573.4595920173936
1966-07-20,Hungary,1821.8671898107764
1966-07-20,Chile,1595.7120679722327
1966-07-23,Portugal,1892.2337427429288
1966-07-23,England,1889.1182877993135
1966-07-23,Argentina,1814.5174273266023
1966-07-23,Hungary,1854.1821128217475
1966-07-23,Uruguay,1761.9998104479707
1966-07-23,North Korea,1742.2538153850837
1966-07-26,England,1905.1948767683134
1966-07-26,Portugal,1930.804608905251
1966-07-28,Portugal,1907.1315902207
1966-07-30,England,1928.8678954528643
1970-05-31,Mexico,1635.9250090350267
1970-06-02,Uruguay,1719.1942835604866
1970-06-02,England,1938.9290462440918
1970-06-02,Bulgaria,1699.8266293983258
1970-06-02,Israel,1579.7934764294673
1970-06-02,Peru,1600.0981265082032
1970-06-02,Romania,1673.1321072904632
1970-06-03,Czechoslovakia,1821.1683565589524
1970-06-03,Italy,1903.6083761827383
1970-06-03,Brazil,1894.5716083926259
1970-06-03,Sweden,1753.2649786841755
1970-06-03,Morocco,1614.6293604836367
1970-06-03,El Salvador,1538.5144163902346
1970-06-03,Belgium,1649.6456513331043
1970-06-06,Uruguay,1759.1128396475194
1970-06-06,Czechoslovakia,1792.8921123057662
1970-06-06,Morocco,1606.8200711302054
1970-06-06,Belgium,1673.664656702122
1970-06-06,Peru,1645.6658188525969
1970-06-06,Romania,1666.6194439885842
1970-06-06,Italy,1915.090950299445
1970-06-07,Sweden,1741.7824045674688
1970-06-07,El Salvador,1514.4954110212168
1970-06-07,Bulgaria,1654.2589370539322
1970-06-07,England,1945.4417095459708
1970-06-07,Israel,1539.8749203424345
1970-06-07,Mexico,1648.0086832448853
1970-06-07,Brazil,1922.847852645812
1970-06-10,Peru,1707.3123991936259
1970-06-10,Romania,1713.795074027855
1970-06-10,Brazil,1946.2725033813147
1970-06-10,Uruguay,1777.9284257308814
1970-06-10,El Salvador,1491.2283292732486
1970-06-10,Sweden,1733.2269586452078
1970-06-11,Czechoslovakia,1745.7164822664954
1970-06-11,Morocco,1545.1734907891764
1970-06-11,Belgium,1635.6655046794747
1970-06-11,England,1922.0170588104681
1970-06-11,Bulgaria,1616.2108954717069
1970-06-11,Israel,1548.4303662646955
1970-06-11,Mexico,1671.2757649928535
1970-06-11,Italy,1896.275364216083
1970-06-14,England,1945.532649028746
1970-06-14,Peru,1692.5681612281733
1970-06-14,Italy,1877.8920689068486
1970-06-14,Brazil,1953.985144634004
1970-06-14,Uruguay,1752.663369543548
1970-06-14,Mexico,1690.1267424066789
1970-06-17,Brazil,1963.975887459458
1970-06-17,Uruguay,1802.1899284394158
1970-06-17,Italy,1917.4051696200738
1970-06-20,Uruguay,1785.864865141897
1970-06-21,Italy,1958.0825946240634
1970-06-21,Brazil,1980.3009507569766
1974-06-13,Brazil,1969.984001191414
1974-06-13,Yugoslavia,1817.2387339680217
1974-06-14,Scotland,1676.9150048059862
1974-06-14,Australia,1683.7732066099459
1974-06-14,Chile,1710.0198466211039
1974-06-14,Zaire,1799.1125972088564
1974-06-15,Netherlands,1765.0692169688234
1974-06-15,Sweden,1779.7438328768822
1974-06-15,Haiti,1562.0264051072488
1974-06-15,Poland,1802.8734785832874
1974-06-15,Bulgaria,1751.1908960384226
1974-06-15,Argentina,1778.2041670354758
1974-06-15,Italy,1909.914344708572
1974-06-15,Uruguay,1691.554491005777
1974-06-18,Brazil,1951.3387447244716
1974-06-18,Scotland,1747.3212664570583
1974-06-18,Yugoslavia,1835.8839904349643
1974-06-18,Chile,1703.952404179003
1974-06-18,Zaire,1728.7063355577843
1974-06-18,Australia,1669.789799946292
1974-06-19,Bulgaria,1761.8107811096538
1974-06-19,Argentina,1758.5295824558702
1974-06-19,Italy,1916.2639692464745
1974-06-19,Uruguay,1643.1307368029682
1974-06-19,Netherlands,1813.4929711716322
1974-06-19,Sweden,1769.123947805651
1974-06-19,Haiti,1555.6767805693462
1974-06-19,Poland,1822.548063162893
1974-06-22,Scotland,1756.0437951170734
1974-06-22,Yugoslavia,1870.802848053117
1974-06-22,Australia,1661.4587819626065
1974-06-22,Chile,1711.386218926639
1974-06-22,Zaire,1693.7874779396316
1974-06-22,Brazil,1942.6162160644565
1974-06-23,Uruguay,1659.8601478677842
1974-06-23,Netherlands,1801.6982949368814
1974-06-23,Sweden,1780.9186240404017
1974-06-23,Haiti,1518.314124004426
1974-06-23,Bulgaria,1745.0813700448377
1974-06-23,Poland,1859.910719727813
1974-06-23,Argentina,1763.4693853108165
1974-06-23,Italy,1911.3241663915283
1974-06-26,Argentina,1776.1311289500861
1974-06-26,Brazil,1973.9086945628387
1974-06-26,Yugoslavia,1869.5292149986353
1974-06-26,Netherlands,1860.7199284698934
1974-06-26,Sweden,1803.8954643013162
1974-06-26,Poland,1885.7425552135223
1974-06-30,Poland,1917.3085786228633
1974-06-30,Argentina,1747.2392164735274
1974-06-30,Brazil,1992.2369163404655
1974-06-30,Yugoslavia,1846.7169054764329
1974-06-30,Netherlands,1889.611840946452
1974-06-30,Sweden,1772.3294408919753
1974-07-03,Poland,1933.6582310166848
1974-07-03,Netherlands,1949.9411127367891
1974-07-03,Argentina,1729.079753518471
1974-07-03,Brazil,2010.396379295522
1974-07-03,Sweden,1759.2422095685058
1974-07-03,Yugoslavia,1830.3672530826113
1974-07-06,Poland,1916.5324763191834
1974-07-06,Brazil,1970.4962260423542
1974-07-07,Netherlands,1989.8412659899568
1978-06-01,Poland,1819.1765385862818
1978-06-02,Tunisia,1696.3669916208726
1978-06-02,Mexico,1710.5716969880486
1978-06-02,Argentina,1838.5245073846997
1978-06-02,Italy,1845.3982466692528
1978-06-02,France,1836.7976639498993
1978-06-02,Hungary,1836.1492494109746
1978-06-03,Spain,1871.0817952490418
1978-06-03,Peru,1644.7439075343768
1978-06-03,Netherlands,2033.0090934983384
1978-06-03,Brazil,1987.9420335160253
1978-06-03,Sweden,1693.2824923663197
1978-06-03,Iran,1760.2870721604131
1978-06-03,Austria,1762.9322331996614
1978-06-03,Scotland,1845.8499420854675
1978-06-06,Mexico,1651.290542481081
1978-06-06,Argentina,1859.931969820208
1978-06-06,Hungary,1814.7417869754663
1978-06-06,Tunisia,1755.6481461278402
1978-06-06,Poland,1838.3825110864532
1978-06-06,Italy,1883.1131521494856
1978-06-06,France,1799.0827584696665
1978-06-07,Brazil,1963.5509486426972
1978-06-07,Iran,1731.929730945707
1978-06-07,Scotland,1788.112197667218
1978-06-07,Netherlands,2061.366434713045
1978-06-07,Sweden,1717.6735772396478
1978-06-07,Austria,1793.6357939248976
1978-06-07,Spain,1840.3782345238055
1978-06-07,Peru,1702.4816519526264
1978-06-10,Tunisia,1740.1165621917842
1978-06-10,Poland,1853.9140950225092
1978-06-10,Italy,1932.1984268974538
1978-06-10,Mexico,1640.4194807095905
1978-06-10,Argentina,1876.9571308877214
1978-06-10,France,1782.057597402153
1978-06-10,Hungary,1765.656512227498
1978-06-11,Brazil,1946.5561717459632
1978-06-11,Netherlands,2035.3571270531468
1978-06-11,Sweden,1701.6890491059166
1978-06-11,Iran,1728.1661537149967
1978-06-11,Austria,1809.6203220586287
1978-06-11,Scotland,1791.8757748979283
1978-06-11,Spain,1857.3730114205396
1978-06-11,Peru,1728.4909596125244
1978-06-14,Netherlands,1982.6539442040937
1978-06-14,Argentina,1843.1135928262245
1978-06-14,Brazil,1973.378834977833
1978-06-14,Austria,1782.7976588267588
1978-06-14,Poland,1884.7157023198872
1978-06-14,Peru,1795.6525437492153
1978-06-14,Italy,1966.0419649589508
1978-06-18,Netherlands,2023.1680758171774
1978-06-18,Poland,1847.2089874798635
1978-06-18,Peru,1777.995697303672
1978-06-18,Italy,1973.3179288356664
1978-06-18,Argentina,1880.6203076662482
1978-06-18,Brazil,1991.0356814233764
1978-06-18,Austria,1742.2835272136751
1978-06-21,Argentina,1881.519374023684
1978-06-21,Italy,1992.5111031847125
1978-06-21,Brazil,1990.1366150659408
1978-06-21,Netherlands,2025.0286450987041
1978-06-21,Austria,1723.090352864629
1978-06-21,Poland,1879.8603897597875
1978-06-21,Peru,1745.344295023748
1978-06-24,Brazil,2010.8025882250001
1978-06-24,Italy,1956.7563842548068
1978-06-25,Argentina,1907.5696902762147
1978-06-25,Netherlands,2060.78336402861
1982-06-13,Belgium,1817.2550526940834
1982-06-13,Argentina,1899.619491531491
1982-06-14,Poland,1855.2059347408556
1982-06-14,Italy,1815.6298113073688
1982-06-14,Brazil,2013.1478331823007
1982-06-15,Peru,1695.4383494278393
1982-06-15,Hungary,1740.9691648014127
1982-06-15,El Salvador,1604.6736686894906
1982-06-15,Cameroon,1692.262967198818
1982-06-15,Scotland,1744.2759449678967
1982-06-15,New Zealand,1702.4176930158746
1982-06-16,Honduras,1600.80063341435
1982-06-16,England,1878.4404958847672
1982-06-16,Spain,1796.4997798672757
1982-06-16,Algeria,1666.658127295556
1982-06-16,France,1789.3431708027072
1982-06-17,Czechoslovakia,1810.684173252312
1982-06-17,Kuwait,1716.2619931520815
1982-06-17,Northern Ireland,1658.3493180602904
1982-06-17,Chile,1688.2329293197095
1982-06-17,Austria,1835.6352198462364
1982-06-17,Yugoslavia,1849.3092163497395
1982-06-18,Peru,1686.7824331710729
1982-06-18,Italy,1810.4643677710853
1982-06-18,Brazil,2030.0627712999728
1982-06-18,Argentina,1855.175600509419
1982-06-18,Hungary,1771.5996955791375
1982-06-18,Scotland,1776.4569216059103
1982-06-19,El Salvador,1574.0431379117658
1982-06-19,Belgium,1861.6989437161553
1982-06-19,New Zealand,1670.236716377861
1982-06-19,Poland,1860.371378277139
1982-06-19,Cameroon,1700.9188834555844
1982-06-20,England,1901.1110340771133
1982-06-20,Spain,1775.7506166691112
1982-06-20,Czechoslovakia,1795.4539333448945
1982-06-20,Yugoslavia,1828.7755363291205
1982-06-20,Chile,1662.300763214296
1982-06-21,Kuwait,1731.4922330594989
1982-06-21,Northern Ireland,1678.8829980809094
1982-06-21,Algeria,1723.1036041905516
1982-06-21,France,1766.672632610361
1982-06-21,Honduras,1621.5497966125145
1982-06-21,Austria,1861.5673859516498
1982-06-22,Hungary,1744.5168949954416
1982-06-22,Scotland,1764.3269211008103
1982-06-22,Belgium,1867.5162396899523
1982-06-22,Poland,1841.374939789561
1982-06-22,Peru,1703.8070444439438
1982-06-23,New Zealand,1658.7088716599667
1982-06-23,Argentina,1882.2584010931148
1982-06-23,Italy,1793.4397564982144
1982-06-23,Brazil,2042.1927718050729
1982-06-23,El Salvador,1568.2258419379689
1982-06-23,Cameroon,1719.9153219431623
1982-06-24,Czechoslovakia,1774.3615938289367
1982-06-24,France,1799.7178527798753
1982-06-24,Chile,1654.0757675725445
1982-06-24,Algeria,1683.0651955111532
1982-06-24,Honduras,1617.8840583018155
1982-06-24,Yugoslavia,1802.8071541338759
1982-06-25,Spain,1801.7189988643559
1982-06-25,Kuwait,1698.4470128899845
1982-06-25,Northern Ireland,1682.5487363916084
1982-06-25,England,1922.203373593071
1982-06-25,Austria,1901.6057946310482
1982-06-28,France,1789.3401837437814
1982-06-28,Austria,1887.0115029614371
1982-06-28,Belgium,1850.5316315322113
1982-06-28,Poland,1864.2142229275291
1982-06-29,England,1930.259775568059
1982-06-29,Argentina,1889.8589173590985
1982-06-29,Italy,1779.589375601384
1982-07-01,Austria,1841.5740078315416
1982-07-01,Belgium,1814.6219955666302
1982-07-01,Northern Ireland,1729.3072903377536
1982-07-02,Spain,1754.9604449182107
1982-07-02,Argentina,1858.9724319967975
1982-07-02,Brazil,2048.7449014356066
1982-07-04,Northern Ireland,1745.6512122863182
1982-07-04,France,1834.777678873677
1982-07-04,Poland,1900.1238588931103
1982-07-05,England,1944.7531544035062
1982-07-05,Spain,1736.7221237508668
1982-07-05,Italy,1810.4758609636851
1982-07-05,Brazil,2082.3695662330038
1982-07-08,Italy,1854.2152066068468
1982-07-08,France,1861.223320994115
1982-07-08,Poland,1896.1942198725828
1982-07-10,Poland,1833.764617764363
1982-07-10,France,1880.0344314764047
1982-07-11,Italy,1916.6448087150666
1986-05-31,Bulgaria,1764.5084304351185
1986-05-31,Italy,1795.2964788675868
1986-06-01,Spain,1861.317980021388
1986-06-01,Brazil,1834.7443448454942
1986-06-01,France,1925.7336891674872
1986-06-01,Canada,1587.9180469655444
1986-06-02,Poland,1710.8735504974088
1986-06-02,Argentina,1778.3431826008646
1986-06-02,South Korea,1686.4929139062094
1986-06-02,Hungary,1869.917444004083
1986-06-02,Morocco,1704.5773858468476
1986-06-03,Algeria,1651.777873394704
1986-06-03,Portugal,1705.8690552823978
1986-06-03,Belgium,1731.9896175263325
1986-06-03,Northern Ireland,1806.3662373496895
1986-06-03,England,1948.5954000365293
1986-06-03,Mexico,1802.740897330914
1986-06-04,Scotland,1834.6275070013003
1986-06-04,Iraq,1685.9339288338324
1986-06-04,Denmark,1822.1939661416718
1986-06-04,Paraguay,1761.561860688795
1986-06-04,Uruguay,1815.6239178229714
1986-06-05,Argentina,1800.746011021592
1986-06-05,Italy,1801.1949008138884
1986-06-05,South Korea,1664.090085485482
1986-06-05,France,1937.9008009817942
1986-06-05,Bulgaria,1758.610008488817
1986-06-06,Morocco,1696.6769791633496
1986-06-06,Canada,1575.7509351512374
1986-06-06,England,1906.920862028344
1986-06-06,Algeria,1656.453004628431
1986-06-06,Brazil,1875.2144396883116
1986-06-06,Hungary,1824.7665936138026
1986-06-07,Spain,1820.8478851785706
1986-06-07,Poland,1718.7739571809068
1986-06-07,Mexico,1819.0796237326413
1986-06-07,Northern Ireland,1801.6911061159626
1986-06-07,Paraguay,1777.5689634931844
1986-06-07,Portugal,1747.5435932905832
1986-06-08,Scotland,1795.2444905602586
1986-06-08,Belgium,1715.6508911246053
1986-06-08,Denmark,1861.5769825827135
1986-06-08,Uruguay,1811.9750614471463
1986-06-08,Iraq,1669.926826029443
1986-06-09,Hungary,1835.4092053850848
1986-06-09,France,1928.0528099827166
1986-06-09,Canada,1565.1083233799552
1986-06-10,Bulgaria,1759.0831571370275
1986-06-10,Argentina,1809.185616700519
1986-06-10,Italy,1792.7552951349614
1986-06-10,South Korea,1663.6169368372714
1986-06-11,Iraq,1635.2780206164632
1986-06-11,Morocco,1718.0624655012796
1986-06-11,Belgium,1750.299696537585
1986-06-11,England,1885.535375690414
1986-06-11,Poland,1742.7081818440765
1986-06-11,Paraguay,1789.154306391952
1986-06-11,Mexico,1807.4942808338735
1986-06-11,Portugal,1723.6093686274135
1986-06-12,Spain,1857.705138053079
1986-06-12,Algeria,1648.1939428957808
1986-06-12,Brazil,1883.4735014209618
1986-06-12,Northern Ireland,1764.833853241454
1986-06-13,Uruguay,1776.323864157443
1986-06-13,Scotland,1779.6349592886002
1986-06-13,Denmark,1897.2281798724168
1986-06-15,Belgium,1761.6893261875919
1986-06-15,Bulgaria,1732.3988809469736
1986-06-15,Mexico,1817.8529263704534
1986-06-16,Argentina,1835.8698928905728
1986-06-16,Brazil,1933.1596165282383
1986-06-16,Uruguay,1784.9905220421774
1986-06-16,Poland,1721.9012382014212
1986-06-17,France,1981.6642478163806
1986-06-17,Morocco,1776.3273713462208
1986-06-17,Italy,1820.2451693990593
1986-06-18,Denmark,1929.0499804439778
1986-06-18,England,1906.3423193330693
1986-06-18,Spain,1894.1842904409466
1986-06-18,Paraguay,1777.7646767419453
1986-06-21,Mexico,1840.8810026889082
1986-06-21,Brazil,1949.2312133574578
1986-06-21,France,2018.7910669549906
1986-06-22,England,1928.551723266868
1986-06-22,Argentina,1853.6034906871491
1986-06-22,Belgium,1811.390982214643
1986-06-22,Spain,1971.2347277003018
1986-06-25,Argentina,1881.444088223845
1986-06-25,Belgium,1830.4076437946978
1986-06-25,France,2021.412775678637
1986-06-28,France,1950.7371652322706
1986-06-28,Belgium,1803.8241869936446
1986-06-29,Argentina,1908.0275450248982
1990-06-08,Cameroon,1674.2633859799237
1990-06-08,Argentina,1722.8552026212194
1990-06-09,Austria,1735.8517128576937
1990-06-09,United Arab Emirates,1565.0359029998929
1990-06-09,Romania,1855.3949422879855
1990-06-09,Italy,1916.7958874971323
1990-06-09,Colombia,1741.2286121011211
1990-06-10,Czechoslovakia,1800.825526031854
1990-06-10,United States,1588.5504572597715
1990-06-10,Brazil,1947.2656165866013
1990-06-10,Sweden,1917.3328393669644
1990-06-10,Yugoslavia,1827.8863034339865
1990-06-11,Scotland,1682.7369142739758
1990-06-11,England,1895.0657589105838
1990-06-11,Republic of Ireland,1846.5861857161665
1990-06-11,Costa Rica,1565.7929981368934
1990-06-12,South Korea,1784.787579969257
1990-06-12,Netherlands,1984.8663904117914
1990-06-12,Belgium,1808.770818388684
1990-06-12,Egypt,1702.3413984304138
1990-06-13,Argentina,1680.7537428636092
1990-06-13,Uruguay,1869.984972775135
1990-06-13,Spain,1874.9197484354518
1990-06-14,Romania,1918.0114820215
1990-06-14,Colombia,1776.5153166373764
1990-06-14,Yugoslavia,1804.9284511988849
1990-06-14,Cameroon,1716.3648457375339
1990-06-14,United States,1549.8704628983269
1990-06-14,Italy,1926.7310003562109
1990-06-15,Czechoslovakia,1839.5055203932986
1990-06-15,Austria,1725.916599998615
1990-06-15,United Arab Emirates,1529.7491984636376
1990-06-16,Brazil,1966.5416638260285
1990-06-16,Sweden,1898.0567921275372
1990-06-16,Costa Rica,1597.2548946715876
1990-06-16,Scotland,1651.2750177392816
1990-06-16,Netherlands,1960.8407015071186
1990-06-16,England,1882.972415054957
1990-06-17,Egypt,1726.3670873350866
1990-06-17,Spain,1882.929441160746
1990-06-17,Belgium,1838.3610824737718
1990-06-17,South Korea,1755.197315884169
1990-06-17,Republic of Ireland,1858.6795295717932
1990-06-17,Uruguay,1861.9752800498409
1990-06-18,Argentina,1732.907477730387
1990-06-18,Romania,1879.4767321521003
1990-06-18,Cameroon,1754.8995956069334
1990-06-19,Austria,1697.089363754038
1990-06-19,Colombia,1757.1246414252123
1990-06-19,United States,1546.2483855068474
1990-06-19,United Arab Emirates,1525.0004500075781
1990-06-19,Czechoslovakia,1868.3327566378757
1990-06-19,Italy,1930.3530777476903
1990-06-19,Yugoslavia,1824.319126411049
1990-06-20,Brazil,1970.3149991346518
1990-06-20,Sweden,1845.232710929456
1990-06-20,Costa Rica,1593.4815593629644
1990-06-20,Scotland,1704.0990989373627
1990-06-21,Egypt,1743.8898013464818
1990-06-21,Belgium,1873.6239455812854
1990-06-21,England,1881.0639898747843
1990-06-21,Spain,1924.345173619128
1990-06-21,South Korea,1713.781583425787
1990-06-21,Republic of Ireland,1841.156815560398
1990-06-21,Uruguay,1826.7124169423273
1990-06-21,Netherlands,1962.7491266872914
1990-06-23,Czechoslovakia,1842.9181452092434
1990-06-23,Costa Rica,1646.4844070926467
1990-06-23,Colombia,1778.9044158970726
1990-06-23,Cameroon,1687.3750207180715
1990-06-24,Argentina,1736.904681175204
1990-06-24,Brazil,1976.8136737200512
1990-06-24,Netherlands,1960.8870933196147
1990-06-25,Romania,1875.4795287072834
1990-06-25,Italy,1955.7676891763226
1990-06-25,Republic of Ireland,1843.0188489280747
1990-06-25,Uruguay,1855.596394271509
1990-06-26,Spain,1958.5719389766914
1990-06-26,England,1893.2669575569878
1990-06-26,Yugoslavia,1833.8986696115478
1990-06-26,Belgium,1839.397180223722
1990-06-30,Argentina,1789.4750306981541
1990-06-30,Italy,1977.374271212467
1990-06-30,Republic of Ireland,1837.259400941036
1990-06-30,Yugoslavia,1880.9812192921265
1990-07-01,Cameroon,1716.6437547863636
1990-07-01,Czechoslovakia,1859.049291604592
1990-07-01,England,1910.786271026275
1990-07-03,Argentina,1804.5175822991807
1990-07-03,Italy,1989.4135069721028
1990-07-04,England,1932.8506242776841
1990-07-07,Italy,1969.1614697296986
1990-07-07,England,1945.5946308192813
1990-07-08,Argentina,1824.769619541585
1994-06-17,Germany,1998.2376881646182
1994-06-17,Spain,1850.1172195818049
1994-06-17,Bolivia,1649.9433507479794
1994-06-17,South Korea,1745.3977874187615
1994-06-18,Colombia,1900.02095973081
1994-06-18,Switzerland,1880.1262251627222
1994-06-18,United States,1619.3000739156564
1994-06-18,Romania,1835.4641504862623
1994-06-18,Italy,1961.7926054766358
1994-06-18,Republic of Ireland,1820.4158503422059
1994-06-19,Morocco,1741.934199332125
1994-06-19,Belgium,1772.2083856914735
1994-06-19,Norway,1854.6736771618139
1994-06-19,Mexico,1806.3927556898955
1994-06-19,Sweden,1899.1378094133029
1994-06-19,Cameroon,1741.621776514739
1994-06-20,Russia,1855.4026946683398
1994-06-20,Saudi Arabia,1710.2853621827776
1994-06-20,Netherlands,1958.0672365306395
1994-06-20,Brazil,1929.963474554789
1994-06-21,Spain,1834.2369742553317
1994-06-21,Argentina,1875.92656500965
1994-06-21,Germany,2002.4615761643977
1994-06-21,Nigeria,1775.847219865024
1994-06-21,Greece,1660.3008615867966
1994-06-21,Bulgaria,1751.9560829002596
1994-06-22,Colombia,1835.1701238529033
1994-06-22,Switzerland,1867.153004994662
1994-06-22,United States,1632.2732940837166
1994-06-22,Romania,1900.314986364169
1994-06-23,Italy,1913.7620880644279
1994-06-23,Bolivia,1645.7194627482
1994-06-23,South Korea,1761.2780327452347
1994-06-23,Norway,1872.5947022473335
1994-06-24,Brazil,1954.082431276335
1994-06-24,Republic of Ireland,1868.4463677544138
1994-06-24,Russia,1831.2837379467937
1994-06-24,Mexico,1788.4717306043758
1994-06-24,Sweden,1894.2163514523122
1994-06-24,Cameroon,1746.5432344757296
1994-06-25,Netherlands,1965.2068637364423
1994-06-25,Saudi Arabia,1703.1457349769748
1994-06-25,Morocco,1722.6838557446508
1994-06-25,Belgium,1791.4587292789477
1994-06-25,Nigeria,1810.381480946391
1994-06-25,Argentina,1891.6549375206348
1994-06-26,Switzerland,1938.8441049967764
1994-06-26,United States,1670.9071554292038
1994-06-26,Greece,1644.5724890758117
1994-06-26,Bulgaria,1717.4218218188926
1994-06-26,Romania,1828.6238863620547
1994-06-26,Colombia,1796.536262507416
1994-06-27,Spain,1853.6799184123913
1994-06-27,Bolivia,1662.2622297015832
1994-06-27,South Korea,1744.7352657918514
1994-06-27,Germany,1983.018632007338
1994-06-28,Russia,1805.9647947963695
1994-06-28,Sweden,1919.5352946027365
1994-06-28,Cameroon,1731.2657019594658
1994-06-28,Norway,1854.154815252923
1994-06-28,Mexico,1816.7445140164834
1994-06-28,Italy,1932.2019750588383
1994-06-28,Brazil,1969.3599637925988
1994-06-28,Republic of Ireland,1840.1735843423062
1994-06-29,Netherlands,1928.9328831059604
1994-06-29,Belgium,1827.7327099094296
1994-06-29,Saudi Arabia,1726.3196972519524
1994-06-29,Morocco,1699.5098934696732
1994-06-30,Greece,1614.2058737297468
1994-06-30,Bulgaria,1747.7884371649575
1994-06-30,Nigeria,1794.75289653195
1994-06-30,Argentina,1907.283521935076
1994-07-02,Switzerland,1866.7214195884321
1994-07-02,Belgium,1782.0590004191695
1994-07-02,Spain,1887.10535020423
1994-07-02,Germany,1990.5094136569069
1994-07-03,Sweden,1931.7257579119391
1994-07-03,Saudi Arabia,1771.9934067422125
1994-07-03,Argentina,1833.7855599993616
1994-07-03,Romania,1853.6855667143434
1994-07-04,Brazil,1957.1695004833962
1994-07-04,Republic of Ireland,1832.8942556995125
1994-07-04,Netherlands,1948.2473443110914
1994-07-04,United States,1645.8454750769151
1994-07-05,Bulgaria,1821.2863991006718
1994-07-05,Italy,1915.6652848604288
1994-07-05,Mexico,1833.281204214893
1994-07-05,Nigeria,1829.5033836301825
1994-07-09,Netherlands,1968.4517214214698
1994-07-09,Brazil,1970.8829022673692
1994-07-09,Spain,1922.1091202812781
1994-07-09,Italy,1946.859530920018
1994-07-10,Romania,1873.7248828020804
1994-07-10,Sweden,1969.064533608227
1994-07-10,Germany,1999.2003754507928
1994-07-10,Bulgaria,1830.6352244554762
1994-07-13,Brazil,2009.0929738540651
1994-07-13,Sweden,1969.4669163726091
1994-07-13,Bulgaria,1866.479936523375
1994-07-13,Italy,1966.527942873722
1994-07-16,Sweden,1934.3056567669332
1994-07-16,Bulgaria,1836.4840817248491
1994-07-17,Brazil,2044.254233459741
1994-07-17,Italy,1996.5237976722478
1998-06-10,Norway,1936.995019625601
1998-06-10,Brazil,2081.978681470273
1998-06-10,Scotland,1755.9121585389034
1998-06-10,Morocco,1812.7260183517706
1998-06-11,Cameroon,1685.244122758982
1998-06-11,Italy,1935.6353826202358
1998-06-11,Chile,1806.9124166361578
1998-06-11,Austria,1705.5967778231454
1998-06-12,France,1988.3861450837821
1998-06-12,Paraguay,1731.4987056638417
1998-06-12,Saudi Arabia,1707.077997861961
1998-06-12,South Africa,1669.7466336346463
1998-06-12,Denmark,1843.8575191574366
1998-06-12,Bulgaria,1798.985998841574
1998-06-13,South Korea,1812.6199636115623
1998-06-13,Mexico,1860.8149091750524
1998-06-13,Netherlands,1957.7078278591514
1998-06-13,Nigeria,1742.7391062372737
1998-06-13,Belgium,1796.019799991501
1998-06-13,Spain,2002.771458271619
1998-06-14,Jamaica,1688.824268676551
1998-06-14,Croatia,1860.8216952144828
1998-06-14,Argentina,1886.8575075564756
1998-06-14,Japan,1754.192138880137
1998-06-14,Iran,1713.0572019565304
1998-06-14,Yugoslavia,1884.8863793051876
1998-06-15,Germany,2050.739290384005
1998-06-15,Colombia,1740.7592569359629
1998-06-15,Tunisia,1711.545915367092
1998-06-15,United States,1768.7015702071653
1998-06-15,England,1950.9881686380031
1998-06-15,Romania,1845.27826999048
1998-06-16,Brazil,2086.733441034617
1998-06-16,Scotland,1751.1573989745596
1998-06-16,Morocco,1814.8181707506144
1998-06-16,Norway,1934.902867226757
1998-06-17,Chile,1824.229697739555
1998-06-17,Austria,1712.3560887869246
1998-06-17,Cameroon,1678.4848117952029
1998-06-17,Italy,1918.3181015168386
1998-06-18,South Africa,1661.0923041603817
1998-06-18,Denmark,1870.6935300879463
1998-06-18,France,1997.0404745580468
1998-06-18,Saudi Arabia,1680.2419869314513
1998-06-19,Bulgaria,1801.785205457568
1998-06-19,Spain,1949.4792948153458
1998-06-19,Paraguay,1728.6994990478477
1998-06-19,Nigeria,1796.0312696935468
1998-06-20,Netherlands,1938.5962267639738
1998-06-20,Croatia,1896.6277862308023
1998-06-20,Belgium,1815.1314010866786
1998-06-20,Mexico,1912.47543327834
1998-06-20,South Korea,1760.9594395082747
1998-06-20,Japan,1741.7349184964767
1998-06-21,Argentina,1899.314727940136
1998-06-21,Iran,1702.0803085960783
1998-06-21,Germany,2059.723416140641
1998-06-21,Yugoslavia,1884.8863793051876
1998-06-21,United States,1759.7174444505295
1998-06-21,Jamaica,1653.0181776602315
1998-06-22,Tunisia,1700.3751782320508
1998-06-22,Colombia,1726.6270419468983
1998-06-22,England,1962.1589057730444
1998-06-22,Romania,1859.4104849795447
1998-06-23,Scotland,1758.2517008990242
1998-06-23,Morocco,1803.7739444373096
1998-06-23,Cameroon,1665.477958280202
1998-06-23,Norway,1927.8085653022924
1998-06-23,Italy,1931.3249550318394
1998-06-23,Chile,1807.909659584295
1998-06-23,Brazil,2097.7776673479216
1998-06-23,Austria,1728.6761269421845
1998-06-24,South Africa,1670.2541236289385
1998-06-24,Spain,1927.655954342112
1998-06-24,Denmark,1861.5317106193895
1998-06-24,Bulgaria,1779.7291669828555
1998-06-24,Nigeria,1818.0873081682594
1998-06-24,Paraguay,1750.5228395210816
1998-06-24,France,2006.4035388383886
1998-06-24,Saudi Arabia,1670.8789226511094
1998-06-25,United States,1716.968977797081
1998-06-25,Belgium,1814.9020708582677
1998-06-25,Mexico,1912.7047635067509
1998-06-25,South Korea,1740.7715364115484
1998-06-25,Germany,2039.9103085307136
1998-06-25,Yugoslavia,1884.8863793051876
1998-06-25,Netherlands,1958.7841298607002
1998-06-25,Iran,1744.8287752495269
1998-06-26,Colombia,1746.181354789568
1998-06-26,Tunisia,1680.820865389381
1998-06-26,England,1931.921592995102
1998-06-26,Romania,1889.647797757487
1998-06-26,Jamaica,1638.6310097264352
1998-06-26,Japan,1716.4357006550085
1998-06-26,Croatia,1921.9270040722704
1998-06-26,Argentina,1913.7018958739322
1998-06-27,Norway,1977.3385873689422
1998-06-27,Italy,1940.267078788645
1998-06-27,Chile,1789.821061152978
1998-06-27,Brazil,2048.247645281272
1998-06-28,Denmark,1849.7538392562249
1998-06-28,Paraguay,1815.686222062149
1998-06-28,France,2018.1814102015533
1998-06-28,Nigeria,1752.923925627192
1998-06-29,Mexico,1924.624052870842
1998-06-29,Germany,2048.305172441354
1998-06-29,Yugoslavia,1884.8863793051876
1998-06-29,Netherlands,1946.864840496609
1998-06-30,England,1966.0365580775854
1998-06-30,Argentina,1935.9567218467641
1998-06-30,Romania,1868.3226635179678
1998-06-30,Croatia,1899.6721780994385
1998-07-03,Denmark,1902.7328486698984
1998-07-03,Italy,1964.8920447171868
1998-07-03,Brazil,2060.0830821083996
1998-07-03,France,2027.1302660004915
1998-07-04,Argentina,1929.9995355328697
1998-07-04,Germany,2061.280608880079
1998-07-04,Croatia,1935.523978518578
1998-07-04,Netherlands,1966.866094512862
1998-07-07,Netherlands,1985.6237022962089
1998-07-07,Brazil,2071.195800422352
1998-07-08,Croatia,2018.0288688231806
1998-07-08,France,2014.0580934874602
1998-07-11,Croatia,1996.1158090722029
1998-07-11,Netherlands,2000.2794134636433
1998-07-12,France,2035.9711532384379
1998-07-12,Brazil,2056.5400892549173
2002-05-31,Senegal,1776.6586052446692
2002-05-31,France,2080.3978887785206
2002-06-01,Denmark,1895.7516195697876
2002-06-01,Republic of Ireland,1884.885995223352
2002-06-01,Germany,1880.9032311739447
2002-06-01,Uruguay,1836.2943893819581
2002-06-01,Cameroon,1858.9812341853508
2002-06-01,Saudi Arabia,1756.1526347832998
2002-06-02,Slovenia,1759.8179719032144
2002-06-02,Spain,1946.1639346615639
2002-06-02,England,1925.410362475994
2002-06-02,Nigeria,1841.1953939186615
2002-06-02,Argentina,2028.784921926042
2002-06-02,Sweden,1879.3725314769092
2002-06-02,Paraguay,1754.0014544331675
2002-06-02,South Africa,1702.0288772046567
2002-06-03,Italy,1980.819722309981
2002-06-03,Brazil,1894.3683015622962
2002-06-03,Croatia,1863.4626834796636
2002-06-03,Turkey,1744.9035950816635
2002-06-03,Mexico,1858.640442162391
2002-06-03,Ecuador,1763.7929085055503
2002-06-04,Poland,1749.753528736195
2002-06-04,China,1745.660304314445
2002-06-04,Belgium,1856.3537968952742
2002-06-04,South Korea,1799.2150052475997
2002-06-04,Japan,1854.4445187393903
2002-06-04,Costa Rica,1798.0524521767204
2002-06-05,United States,1828.648399626804
2002-06-05,Germany,1911.5714609559202
2002-06-05,Republic of Ireland,1874.466654882174
2002-06-05,Russia,1785.9201815781414
2002-06-05,Portugal,1969.3664456489387
2002-06-05,Tunisia,1716.5075732406228
2002-06-06,France,2025.7466341946993
2002-06-06,Uruguay,1802.8094489167402
2002-06-06,Senegal,1831.3098598284905
2002-06-06,Cameroon,1869.4005745265288
2002-06-06,Saudi Arabia,1725.4844050013244
2002-06-06,Denmark,1929.2365600350056
2002-06-07,Nigeria,1831.5733613738616
2002-06-07,Sweden,1891.2888003857477
2002-06-07,England,1913.4940935671555
2002-06-07,Spain,1960.6839449866684
2002-06-07,Argentina,2038.4069544708418
2002-06-07,Paraguay,1741.6565397073657
2002-06-08,Slovenia,1745.2979615781098
2002-06-08,China,1694.5324206605515
2002-06-08,South Africa,1714.3737919304585
2002-06-08,Croatia,1824.6765832347176
2002-06-08,Italy,1993.315377057736
2002-06-08,Brazil,1905.89791436778
2002-06-09,Japan,1846.192774724061
2002-06-09,Costa Rica,1849.180335830614
2002-06-09,Russia,1810.5659429290806
2002-06-09,Turkey,1733.3739822761797
2002-06-09,Ecuador,1751.2972537577953
2002-06-09,Mexico,1897.4265424073371
2002-06-10,Portugal,1935.8665757246922
2002-06-10,Tunisia,1691.8618118896836
2002-06-10,Belgium,1864.6055409106034
2002-06-10,Poland,1722.9999335156242
2002-06-10,United States,1862.1482695510504
2002-06-10,South Korea,1825.9686004681705
2002-06-11,Denmark,1913.7828587809838
2002-06-11,Senegal,1846.7635610825123
2002-06-11,Republic of Ireland,1885.726725447724
2002-06-11,Germany,1900.3113903903702
2002-06-11,France,2003.8359822190332
2002-06-11,Uruguay,1824.7201008924062
2002-06-11,Saudi Arabia,1713.654372681906
2002-06-11,Cameroon,1881.2306068459472
2002-06-12,Nigeria,1814.4685022705344
2002-06-12,Sweden,1908.393659489075
2002-06-12,Slovenia,1721.185083365924
2002-06-12,South Africa,1738.4866701426445
2002-06-12,England,1960.5906179359251
2002-06-12,Spain,1973.0561900317896
2002-06-12,Argentina,1991.3104301020721
2002-06-12,Paraguay,1729.2842946622445
2002-06-13,China,1678.4693160930913
2002-06-13,Croatia,1874.1402534914926
2002-06-13,Mexico,1909.1360452186843
2002-06-13,Ecuador,1739.587750946448
2002-06-13,Italy,1943.851706800961
2002-06-13,Brazil,1921.9610189352402
2002-06-13,Costa Rica,1832.6226850688615
2002-06-13,Turkey,1749.9316330379322
2002-06-14,Tunisia,1698.0528083920333
2002-06-14,Belgium,1858.4145444082537
2002-06-14,Poland,1707.0554490578447
2002-06-14,United States,1867.5978047783658
2002-06-14,South Korea,1820.519065240855
2002-06-14,Japan,1865.0425188868633
2002-06-14,Russia,1791.7161987662785
2002-06-14,Portugal,1951.8110601824717
2002-06-15,Denmark,1957.4948871089273
2002-06-15,England,1956.6313446141357
2002-06-15,Paraguay,1785.917273638463
2002-06-15,Germany,1955.606597944882
2002-06-16,Republic of Ireland,1927.4896494903314
2002-06-16,Senegal,1836.6385383619486
2002-06-16,Sweden,1906.919762481269
2002-06-16,Spain,1991.9847068935794
2002-06-17,United States,1814.8347498187004
2002-06-17,Belgium,1875.032128067362
2002-06-17,Brazil,1976.0715673774496
2002-06-17,Mexico,1903.5643628948665
2002-06-18,Japan,1880.9710787574622
2002-06-18,Italy,1949.4233891247789
2002-06-18,South Korea,1853.21375095693
2002-06-18,Turkey,1778.4393209600198
2002-06-21,United States,1882.1282933120128
2002-06-21,England,2023.9583334065203
2002-06-21,Brazil,1997.5962009404877
2002-06-21,Germany,1966.0905029407925
2002-06-22,Spain,1978.7551111288476
2002-06-22,Senegal,1880.2676208659886
2002-06-22,South Korea,1882.8864777911879
2002-06-22,Turkey,1824.1831443531405
2002-06-25,South Korea,1882.5297637303547
2002-06-25,Germany,1981.5408648350074
2002-06-26,Brazil,2038.0502542098404
2002-06-26,Turkey,1866.8215454308274
2002-06-29,South Korea,1852.444375566381
2002-06-29,Turkey,1856.4140887991973
2002-06-30,Germany,2011.626252998981
2002-06-30,Brazil,2048.4577108414705
2006-06-09,Poland,1841.0922147817812
2006-06-09,Germany,1927.0547021061636
2006-06-09,Ecuador,1722.1729922617417
2006-06-09,Costa Rica,1735.747610614822
2006-06-10,Trinidad and Tobago,1655.358766147632
2006-06-10,Sweden,1866.4548663054643
2006-06-10,England,1998.0548102549283
2006-06-10,Ivory Coast,1880.805958928515
2006-06-10,Argentina,1965.6271905066149
2006-06-10,Paraguay,1816.5124279958704
2006-06-11,Portugal,1940.2733952449998
2006-06-11,Netherlands,2000.4243432271594
2006-06-11,Iran,1895.7336474697106
2006-06-11,Angola,1648.8712582997152
2006-06-11,Mexico,1846.6053797540314
2006-06-12,United States,1885.3276177228313
2006-06-12,Italy,1965.5095015687466
2006-06-12,Australia,1898.8405692226481
2006-06-12,Czech Republic,1997.2506499872268
2006-06-12,Japan,1838.2783433467598
2006-06-12,Ghana,1727.4097656247136
2006-06-13,Switzerland,1832.1905740448635
2006-06-13,Croatia,1863.872089220334
2006-06-13,Togo,1627.1471958117659
2006-06-13,South Korea,1812.4870766119368
2006-06-13,Brazil,2069.329997580228
2006-06-13,France,1990.4598307255928
2006-06-14,Germany,1941.2302967073638
2006-06-14,Tunisia,1782.372496781225
2006-06-14,Saudi Arabia,1620.0204717736929
2006-06-14,Poland,1770.9767612969267
2006-06-14,Ukraine,1805.6055505150387
2006-06-14,Spain,1992.010577149025
2006-06-15,England,2007.9614088498047
2006-06-15,Paraguay,1806.605829400994
2006-06-15,Trinidad and Tobago,1664.637470621445
2006-06-15,Ecuador,1792.2884457465962
2006-06-15,Sweden,1857.1761618316514
2006-06-15,Costa Rica,1721.5720160136218
2006-06-16,Ivory Coast,1865.4122562036985
2006-06-16,Angola,1633.9070832462733
2006-06-16,Mexico,1885.0631383995853
2006-06-16,Argentina,1981.0208932314315
2006-06-16,Netherlands,2023.7039313916648
2006-06-17,United States,1834.6285661878183
2006-06-17,Ghana,1716.163194549915
2006-06-17,Italy,1976.7560726435452
2006-06-17,Czech Republic,2047.9497015222398
2006-06-17,Portugal,1955.2375702984418
2006-06-17,Iran,1857.2758888241567
2006-06-18,Australia,1924.4085392954125
2006-06-18,Croatia,1855.05231571247
2006-06-18,South Korea,1822.214192668643
2006-06-18,Brazil,2078.1497710880917
2006-06-18,Japan,1812.7103732739956
2006-06-18,France,1971.5247275076579
2006-06-19,Ukraine,1787.4607124124832
2006-06-19,Saudi Arabia,1639.1660972169916
2006-06-19,Tunisia,1763.2268713379262
2006-06-19,Switzerland,1851.1256772627985
2006-06-19,Spain,2010.1554152515805
2006-06-19,Togo,1617.4200797550598
2006-06-20,Poland,1760.5209272180932
2006-06-20,Paraguay,1788.8500001990324
2006-06-20,Germany,1951.6861307861973
2006-06-20,Trinidad and Tobago,1658.1310347340598
2006-06-20,England,2014.4678447371898
2006-06-20,Ecuador,1820.885391220296
2006-06-20,Sweden,1874.931991033613
2006-06-20,Costa Rica,1692.975070539922
2006-06-21,Ivory Coast,1854.348523980178
2006-06-21,Angola,1656.8887286928314
2006-06-21,Mexico,1862.0814929530272
2006-06-21,Argentina,2001.9204233985176
2006-06-21,Portugal,1977.0536900559737
2006-06-21,Netherlands,2034.7676636151853
2006-06-21,Iran,1835.4597690666249
2006-06-22,Italy,1958.6842001511377
2006-06-22,Czech Republic,1964.868585592687
2006-06-22,Brazil,2095.102857990807
2006-06-22,Japan,1807.7769827504621
2006-06-22,United States,1852.7004386802257
2006-06-22,Australia,1907.455452392697
2006-06-22,Ghana,1799.244310479468
2006-06-22,Croatia,1859.9857062360036
2006-06-23,Ukraine,1835.9417618824434
2006-06-23,Togo,1588.9305601976391
2006-06-23,South Korea,1840.6763115142708
2006-06-23,France,1953.06260866203
2006-06-23,Saudi Arabia,1590.6850477470314
2006-06-23,Tunisia,1752.470997031877
2006-06-23,Switzerland,1879.6151968202191
2006-06-23,Spain,2020.9112895576297
2006-06-24,Argentina,2012.8632129909379
2006-06-24,Germany,1973.6722615916174
2006-06-24,Mexico,1848.5889911410534
2006-06-24,Sweden,1878.3311319721902
2006-06-25,England,2011.0687037986127
2006-06-25,Ecuador,1798.899260414876
2006-06-25,Portugal,1990.5461918679475
2006-06-25,Netherlands,2023.824874022765
2006-06-26,Switzerland,1907.5214111306095
2006-06-26,Australia,1911.9570297233922
2006-06-26,Ukraine,1851.4245995687243
2006-06-26,Italy,2017.024457661062
2006-06-27,Ghana,1825.2492598581052
2006-06-27,Spain,2028.7114504342117
2006-06-27,Brazil,2121.7540988657292
2006-06-27,France,1969.2079665652132
2006-06-30,Argentina,2023.6195580313943
2006-06-30,Ukraine,1864.0638766975555
2006-06-30,Italy,2031.122595059192
2006-06-30,Germany,1995.7386738362668
2006-07-01,England,2019.6017627861477
2006-07-01,Brazil,2131.4755893853353
2006-07-01,France,2033.5282916726344
2006-07-01,Portugal,2014.8548032418323
2006-07-04,Germany,1989.5993330114463
2006-07-04,Italy,2049.6998401338524
2006-07-05,France,2078.9832994813114
2006-07-05,Portugal,2023.6349603124797
2006-07-08,Germany,1939.4541330890443
2006-07-08,Portugal,1989.8005137448736
2006-07-09,Italy,2099.845040056254
2006-07-09,France,2112.817746048918
2010-06-11,Mexico,1942.9180845486867
2010-06-11,France,1876.9199719975052
2010-06-11,Uruguay,1904.3222577369247
2010-06-11,South Africa,1703.5671044194783
2010-06-12,England,2044.8633195401192
2010-06-12,Nigeria,1808.205770537677
2010-06-12,Argentina,1962.900270019992
2010-06-12,South Korea,1882.8429693789988
2010-06-12,United States,1834.4584809074447
2010-06-12,Greece,1728.6774811586008
2010-06-13,Serbia,1904.0425162424533
2010-06-13,Slovenia,1714.7029354120302
2010-06-13,Australia,1845.8046895628552
2010-06-13,Ghana,1755.4134776500212
2010-06-13,Algeria,1632.4606645789781
2010-06-13,Germany,1971.8695076001643
2010-06-14,Netherlands,2048.258539061995
2010-06-14,Cameroon,1780.793261078535
2010-06-14,Denmark,1781.3903714510755
2010-06-14,Italy,1951.143543204028
2010-06-14,Japan,1742.5681864429087
2010-06-14,Paraguay,1807.1537230892
2010-06-15,Slovakia,1695.8690224353059
2010-06-15,Ivory Coast,1831.2702890965409
2010-06-15,Brazil,2181.580000797144
2010-06-15,North Korea,1632.720679864647
2010-06-15,Portugal,1898.7876386040762
2010-06-15,New Zealand,1683.3514628952032
2010-06-16,South Africa,1714.9933964766383
2010-06-16,Uruguay,1893.7893790274607
2010-06-16,Chile,1950.055167951036
2010-06-16,Switzerland,1766.678699564274
2010-06-16,Honduras,1780.0906550946606
2010-06-16,Spain,2174.428335177207
2010-06-17,South Korea,1899.7624777536475
2010-06-17,France,1887.4528507069692
2010-06-17,Mexico,1931.4917924915267
2010-06-17,Nigeria,1796.953963558913
2010-06-17,Argentina,1974.1520769987558
2010-06-17,Greece,1711.757972783952
2010-06-18,United States,1855.8508006761176
2010-06-18,Germany,1995.9378299346893
2010-06-18,England,2023.4709997714463
2010-06-18,Algeria,1600.928672771521
2010-06-18,Slovenia,1746.2349272194874
2010-06-18,Serbia,1855.6170007083551
2010-06-19,Ghana,1803.8389931841193
2010-06-19,Japan,1767.2896188116672
2010-06-19,Netherlands,2057.973961870225
2010-06-19,Cameroon,1756.0718287097764
2010-06-19,Denmark,1771.6749486428457
2010-06-19,Australia,1821.7363672283302
2010-06-20,Ivory Coast,1828.4736551785488
2010-06-20,New Zealand,1675.9533138583438
2010-06-20,Italy,1932.9695493989639
2010-06-20,Slovakia,1703.2671714721653
2010-06-20,Brazil,2182.9788089238186
2010-06-20,Paraguay,1825.327716894264
2010-06-21,North Korea,1631.321871737972
2010-06-21,Chile,1974.0943033204874
2010-06-21,Honduras,1756.0515197252093
2010-06-21,Portugal,1901.5842725220682
2010-06-21,Switzerland,1823.6165461248017
2010-06-21,Spain,2117.490488616679
2010-06-22,Greece,1740.4804649092885
2010-06-22,South Korea,1871.6033931897346
2010-06-22,France,1835.2667873219505
2010-06-22,Uruguay,1934.5827682639738
2010-06-22,Mexico,1983.6778558765454
2010-06-22,Nigeria,1768.2314714335766
2010-06-22,Argentina,2002.3111615626688
2010-06-22,South Africa,1674.2000072401252
2010-06-23,Serbia,1903.5891704921971
2010-06-23,Slovenia,1747.065016538683
2010-06-23,United States,1855.020711356922
2010-06-23,Australia,1828.6965985055892
2010-06-23,Ghana,1796.8787619068603
2010-06-23,England,1996.2949580027985
2010-06-23,Algeria,1628.1047145401687
2010-06-23,Germany,1947.9656601508473
2010-06-24,Slovakia,1661.1206286999425
2010-06-24,Denmark,1808.822328963513
2010-06-24,New Zealand,1699.1413356612477
2010-06-24,Italy,1909.78152759606
2010-06-24,Japan,1761.5632654362782
2010-06-24,Paraguay,1867.474259666487
2010-06-24,Netherlands,2063.700315245614
2010-06-24,Cameroon,1718.924448389109
2010-06-25,Ivory Coast,1822.345190218838
2010-06-25,Chile,1985.5696977289615
2010-06-25,Brazil,2189.1072738835296
2010-06-25,Honduras,1750.1471187127147
2010-06-25,Portugal,1915.9053419723869
2010-06-25,Switzerland,1812.1411517163276
2010-06-25,Spain,2123.394889629174
2010-06-25,North Korea,1617.0008022876534
2010-06-26,Ghana,1771.2584407371044
2010-06-26,South Korea,1871.3122472018313
2010-06-26,Uruguay,1976.720591640858
2010-06-26,United States,1862.9510979855722
2010-06-27,England,2014.1473980543155
2010-06-27,Mexico,1941.5400324996613
2010-06-27,Argentina,2027.7456856119327
2010-06-27,Germany,1973.5859813206032
2010-06-28,Chile,1958.8229443413277
2010-06-28,Netherlands,2075.4834164305753
2010-06-28,Slovakia,1703.227082484489
2010-06-28,Brazil,2175.278813938712
2010-06-29,Spain,2150.141643016808
2010-06-29,Japan,1824.5707010717197
2010-06-29,Paraguay,1848.0258919939283
2010-06-29,Portugal,1929.7338019172046
2010-07-02,Ghana,1816.3130419728777
2010-07-02,Brazil,2189.898387710444
2010-07-02,Uruguay,1990.7975737699337
2010-07-02,Netherlands,2079.196755853807
2010-07-03,Spain,2158.333435854828
2010-07-03,Paraguay,1837.7930042370253
2010-07-03,Germany,2017.190996274012
2010-07-03,Argentina,2050.6996998901664
2010-07-06,Uruguay,1971.0447930410623
2010-07-06,Netherlands,2110.120516907493
2010-07-07,Spain,2171.4936704761685
2010-07-07,Germany,2094.051505032428
2010-07-10,Germany,2062.1064373815398
2010-07-10,Uruguay,1944.404707374738
2010-07-11,Spain,2203.4387381270567
2010-07-11,Netherlands,2136.7606025738173
2014-06-12,Croatia,1858.0024299254449
2014-06-12,Brazil,2196.904318521479
2014-06-13,Australia,1787.8345248271253
2014-06-13,Mexico,1883.0699311014448
2014-06-13,Chile,1997.4380834758497
2014-06-13,Netherlands,1994.5885397255631
2014-06-13,Cameroon,1762.6924094515782
2014-06-13,Spain,2147.2274865845175
2014-06-14,England,1972.7937988780118
2014-06-14,Ivory Coast,1884.9732819183766
2014-06-14,Italy,1914.9272812036938
2014-06-14,Japan,1867.7653415100003
2014-06-14,Uruguay,1992.5654387299758
2014-06-14,Costa Rica,1755.3039457412033
2014-06-14,Colombia,1992.798708572146
2014-06-14,Greece,1863.5531075587605
2014-06-15,Switzerland,1894.6544661451242
2014-06-15,Argentina,2078.7259236846908
2014-06-15,France,1959.1964225674292
2014-06-15,Ecuador,1914.446802812062
2014-06-15,Honduras,1714.538235758855
2014-06-15,Bosnia and Herzegovina,1835.3141607628638
2014-06-16,Portugal,2002.502754411009
2014-06-16,Iran,1804.5169088928976
2014-06-16,United States,1930.6502358782434
2014-06-16,Ghana,1801.5295174193363
2014-06-16,Nigeria,1831.2907832311364
2014-06-16,Germany,2098.252245778023
2014-06-17,Mexico,1896.2398027866775
2014-06-17,Algeria,1743.7423115508375
2014-06-17,South Korea,1769.5044762064267
2014-06-17,Brazil,2203.5660873342504
2014-06-17,Russia,1893.4198650092194
2014-06-17,Belgium,1906.2120226176542
2014-06-18,Australia,1774.8719094827184
2014-06-18,Croatia,1851.3406611126738
2014-06-18,Chile,2010.4006988202566
2014-06-18,Netherlands,2085.787829309392
2014-06-18,Cameroon,1749.5225377663455
2014-06-18,Spain,2056.028197000689
2014-06-19,Colombia,2014.9408532995637
2014-06-19,Greece,1841.4109628313429
2014-06-19,England,1930.0291070344513
2014-06-19,Ivory Coast,1905.2199537250292
2014-06-19,Japan,1847.5186697033478
2014-06-19,Uruguay,1913.8595825819168
2014-06-20,France,1971.8900620813454
2014-06-20,Switzerland,1917.8492462126947
2014-06-20,Honduras,1701.8445962449389
2014-06-20,Ecuador,1891.2520227444916
2014-06-20,Italy,1957.6919730472544
2014-06-20,Costa Rica,1834.0098018892622
2014-06-21,Bosnia and Herzegovina,1828.014775685146
2014-06-21,Ghana,1774.0381306659565
2014-06-21,Nigeria,1837.521647855873
2014-06-21,Argentina,2086.0253087624087
2014-06-21,Iran,1798.286044268161
2014-06-21,Germany,2125.7863480875853
2014-06-22,Belgium,1917.0603753893024
2014-06-22,Algeria,1732.8939587791892
2014-06-22,South Korea,1786.5427485927796
2014-06-22,Russia,1876.3815926228665
2014-06-22,Portugal,1974.9686521014462
2014-06-22,United States,1958.1416226316232
2014-06-23,Spain,1993.1985759171557
2014-06-23,Australia,1761.1336389304295
2014-06-23,Croatia,1907.2963086946008
2014-06-23,Chile,2073.2303199037897
2014-06-23,Mexico,1920.9908053054407
2014-06-23,Brazil,2178.8150848154874
2014-06-23,Netherlands,2099.5260998616804
2014-06-23,Cameroon,1693.5668901844185
2014-06-24,Italy,1910.66734792637
2014-06-24,Japan,1838.6312041838496
2014-06-24,Uruguay,1936.7583514072394
2014-06-24,Costa Rica,1881.0344270101466
2014-06-24,Colombia,2028.7521271353285
2014-06-24,Greece,1850.298428350841
2014-06-24,England,1907.1303382091287
2014-06-24,Ivory Coast,1891.4086798892645
2014-06-25,Ecuador,1913.697979950341
2014-06-25,Honduras,1679.3986390390894
2014-06-25,Iran,1792.471271622621
2014-06-25,Bosnia and Herzegovina,1807.169207231546
2014-06-25,Switzerland,1858.4447106907865
2014-06-25,Nigeria,1858.3672163094732
2014-06-25,Argentina,2091.8400814079487
2014-06-25,France,2031.2945976032536
2014-06-26,Ghana,1799.8916468450734
2014-06-26,Belgium,1935.536206740764
2014-06-26,Algeria,1796.5913137413877
2014-06-26,South Korea,1722.8453936305812
2014-06-26,Germany,2099.9328319084684
2014-06-26,Russia,1857.9057612714048
2014-06-26,Portugal,1982.016266827672
2014-06-26,United States,1951.0940079053973
2014-06-28,Colombia,2067.9316260240394
2014-06-28,Brazil,2182.309460697906
2014-06-28,Uruguay,1973.0456132003249
2014-06-28,Chile,2043.903848873359
2014-06-29,Greece,1875.2616218631317
2014-06-29,Mexico,1976.9447426656036
2014-06-29,Costa Rica,1874.7475703721025
2014-06-29,Netherlands,2128.852570892111
2014-06-30,France,2029.7764813317256
2014-06-30,Nigeria,1839.3568084598144
2014-06-30,Algeria,1793.2646710978088
2014-06-30,Germany,2125.7433072474873
2014-07-01,United States,1925.2835325663784
2014-07-01,Switzerland,1899.2021944319997
2014-07-01,Belgium,1956.1331533852988
2014-07-01,Argentina,2110.8504892576075
2014-07-04,Brazil,2164.4436638948387
2014-07-04,Germany,2130.3389604515487
2014-07-04,France,2044.0131914625179
2014-07-04,Colombia,2090.0417041376954
2014-07-05,Argentina,2119.4055301417256
2014-07-05,Costa Rica,1866.3845909329646
2014-07-05,Netherlands,2140.2517597100623
2014-07-05,Belgium,1975.3402152348917
2014-07-08,Germany,2161.519079189821
2014-07-08,Brazil,2180.533731505232
2014-07-09,Argentina,2131.227410471571
2014-07-09,Netherlands,2116.4995752180403
2014-07-12,Netherlands,2109.2809495592846
2014-07-12,Brazil,2095.761943035043
2014-07-13,Germany,2246.29086766001
2014-07-13,Argentina,2138.446036130327
2018-06-14,Saudi Arabia,1697.3932164311016
2018-06-14,Russia,1739.231114604035
2018-06-15,Portugal,2000.6759398632169
2018-06-15,Morocco,1863.177420482757
2018-06-15,Egypt,1743.7851070934212
2018-06-15,Spain,2116.3442001748163
2018-06-15,Iran,1890.0054567278842
2018-06-15,Uruguay,1959.6772683822558
2018-06-16,Iceland,1827.2197472469516
2018-06-16,Peru,2034.6841619728411
2018-06-16,France,2039.761084115213
2018-06-16,Croatia,1928.0177743253412
2018-06-16,Nigeria,1747.8354901518403
2018-06-16,Argentina,2043.9374009397075
2018-06-16,Australia,1839.9018629626892
2018-06-16,Denmark,1899.7922883437216
2018-06-17,Mexico,1907.839858859467
2018-06-17,Brazil,2231.081382127965
2018-06-17,Costa Rica,1840.3202553319
2018-06-17,Germany,2089.040473844713
2018-06-17,Switzerland,1955.966705664072
2018-06-17,Serbia,1817.78828988103
2018-06-18,Tunisia,1794.3861290667637
2018-06-18,Belgium,2002.1604144044413
2018-06-18,England,2016.6409127558416
2018-06-18,South Korea,1757.1011924629483
2018-06-18,Sweden,1843.0255112122425
2018-06-18,Panama,1764.277452242526
2018-06-19,Poland,1888.017801588953
2018-06-19,Japan,1767.844356118239
2018-06-19,Russia,1776.012362146833
2018-06-19,Senegal,1870.2661556973162
2018-06-19,Colombia,2008.891016166745
2018-06-19,Egypt,1723.4367056385295
2018-06-20,Saudi Arabia,1660.6119688883034
2018-06-20,Morocco,1826.9510309764592
2018-06-20,Spain,2114.9922102288742
2018-06-20,Uruguay,1980.0256698371475
2018-06-20,Portugal,2002.027929809159
2018-06-20,Iran,1926.231846234182
2018-06-21,Australia,1830.8368550034675
2018-06-21,Denmark,1947.4611065357183
2018-06-21,Peru,1987.0153437808444
2018-06-21,France,2048.8260920744347
2018-06-21,Croatia,1942.9750610149913
2018-06-21,Argentina,2022.2806126929459
2018-06-22,Iceland,1848.8765354937132
2018-06-22,Serbia,1857.9506710902472
2018-06-22,Nigeria,1732.8782034621902
2018-06-22,Brazil,2207.2891167551365
2018-06-22,Costa Rica,1800.1578741226829
2018-06-22,Switzerland,1979.7589710369002
2018-06-23,Sweden,1858.3466566095901
2018-06-23,Belgium,2015.295747733406
2018-06-23,Mexico,1957.9169775766582
2018-06-23,South Korea,1741.7800470656007
2018-06-23,Germany,2038.9633551275217
2018-06-23,Tunisia,1774.5273171322383
2018-06-24,Panama,1751.1421189135613
2018-06-24,Poland,1848.2225096695522
2018-06-24,England,2036.4997246903667
2018-06-24,Senegal,1910.061447616717
2018-06-24,Japan,1820.45723207029
2018-06-24,Colombia,1956.2781402146938
2018-06-25,Portugal,2012.2462069140504
2018-06-25,Saudi Arabia,1655.6868229611166
2018-06-25,Egypt,1697.0189158845521
2018-06-25,Spain,2137.490521296074
2018-06-25,Morocco,1816.7327538715679
2018-06-25,Iran,1903.7335351669826
2018-06-25,Russia,1802.4301519008104
2018-06-25,Uruguay,1984.9508157643343
2018-06-26,Nigeria,1779.948850740473
2018-06-26,Argentina,1944.860379785732
2018-06-26,Denmark,1930.854409602787
2018-06-26,Iceland,1801.8058882154303
2018-06-26,Peru,1970.0575975191155
2018-06-26,Australia,1847.4435519363988
2018-06-26,France,2065.7838383361636
2018-06-26,Croatia,2020.3952939222052
2018-06-27,Switzerland,2007.8783602618905
2018-06-27,Sweden,1848.3959063747845
2018-06-27,Serbia,1829.8312818652569
2018-06-27,Mexico,1978.2464358135155
2018-06-27,South Korea,1721.4505888287433
2018-06-27,Brazil,2211.897888038507
2018-06-27,Costa Rica,1795.5491028393126
2018-06-27,Germany,2048.914105362327
2018-06-28,Colombia,2007.561094950213
2018-06-28,Panama,1739.3677873237857
2018-06-28,Tunisia,1761.5816833854192
2018-06-28,Belgium,2028.241381480225
2018-06-28,England,2048.2740562801423
2018-06-28,Poland,1796.9395549340331
2018-06-28,Japan,1819.5598556729742
2018-06-28,Senegal,1910.9588240140329
2018-06-30,Argentina,1969.319784233643
2018-06-30,France,2062.7779094538687
2018-06-30,Uruguay,2025.210659430538
2018-06-30,Portugal,2011.5113108009123
2018-07-01,Denmark,1933.8603384850817
2018-07-01,Spain,2112.3808019158864
2018-07-01,Croatia,2040.5354268237293
2018-07-01,Russia,1762.1703082346066
2018-07-02,Belgium,2068.212256740605
2018-07-02,Mexico,1895.327796957626
2018-07-02,Brazil,2226.7203853263054
2018-07-02,Japan,1779.390722808494
2018-07-03,Colombia,2037.8544691086986
2018-07-03,Switzerland,1986.4046877854703
2018-07-03,Sweden,1931.314545230674
2018-07-03,England,2008.3031810197626
2018-07-06,Belgium,2073.9943959485954
2018-07-06,Brazil,2233.6537662839337
2018-07-06,France,2077.6095451765677
2018-07-06,Uruguay,2045.7291489863744
2018-07-07,England,2018.9983912603009
2018-07-07,Croatia,2024.5339952961276
2018-07-07,Russia,1780.6806288338498
2018-07-07,Sweden,1957.4581704793027
2018-07-10,Belgium,2123.001531080584
2018-07-10,France,2131.3210823409995
2018-07-11,Croatia,2012.7769840488652
2018-07-11,England,2068.959470471537
2018-07-14,Belgium,2102.0628907101277
2018-07-14,England,2042.7230460278854
2018-07-15,Croatia,2039.0134084925166
2018-07-15,France,2152.2597227114557
2022-11-20,Qatar,1771.7729030327691
2022-11-20,Ecuador,1922.0226419477103
2022-11-21,United States,1906.395933966872
2022-11-21,England,2005.8603751429182
2022-11-21,Netherlands,2098.7292810199215
2022-11-21,Senegal,1830.9979493212659
2022-11-21,Iran,1888.3447391143382
2022-11-21,Wales,1844.6015349220258
2022-11-22,Denmark,2046.5984940085461
2022-11-22,Mexico,1854.9323329471629
2022-11-22,Argentina,2201.5353119002316
2022-11-22,France,2059.706753474282
2022-11-22,Tunisia,1850.1809322155952
2022-11-22,Saudi Arabia,1731.1117543115363
2022-11-22,Poland,1878.9681346904051
2022-11-22,Australia,1834.0880719879308
2022-11-23,Japan,1886.5073786467544
2022-11-23,Germany,2034.8020400699852
2022-11-23,Canada,1889.8323906350213
2022-11-23,Croatia,1983.6259184435155
2022-11-23,Costa Rica,1850.8436223463498
2022-11-23,Morocco,1866.6548279356616
2022-11-23,Belgium,2063.1241292135064
2022-11-23,Spain,2128.010532089594
2022-11-24,Switzerland,1957.8008095858413
2022-11-24,Cameroon,1711.3175066860908
2022-11-24,Serbia,1970.9840560309635
2022-11-24,Ghana,1723.816854201276
2022-11-24,South Korea,1890.7026715719371
2022-11-24,Brazil,2240.8358210548126
2022-11-24,Uruguay,2034.988338124438
2022-11-24,Portugal,2073.5472827168855
2022-11-25,United States,1893.3548251462992
2022-11-25,Wales,1857.6426437425987
2022-11-25,England,2030.8728668483514
2022-11-25,Qatar,1733.2362658591803
2022-11-25,Ecuador,1960.5592791212991
2022-11-25,Senegal,1806.1786012108862
2022-11-25,Iran,1863.332247408905
2022-11-25,Netherlands,2123.5486291303014
2022-11-26,Saudi Arabia,1788.9435135253434
2022-11-26,Tunisia,1870.962407773094
2022-11-26,Denmark,2025.8170184510475
2022-11-26,Poland,1885.4248504287486
2022-11-26,Australia,1820.1197051886359
2022-11-26,France,2073.675120273577
2022-11-26,Mexico,1848.4756172088194
2022-11-26,Argentina,2143.7035526864247
2022-11-27,Spain,2141.830692928271
2022-11-27,Morocco,1868.119065313397
2022-11-27,Canada,1879.5266958421662
2022-11-27,Croatia,1982.1616810657802
2022-11-27,Belgium,2073.4298240063617
2022-11-27,Japan,1934.914902421811
2022-11-27,Germany,1986.3945162949287
2022-11-27,Costa Rica,1837.0234615076727
2022-11-28,Ghana,1719.6253110385896
2022-11-28,South Korea,1908.8928274650743
2022-11-28,Brazil,2250.4033935894854
2022-11-28,Uruguay,2016.7981822313009
2022-11-28,Portugal,2077.738825879572
2022-11-28,Switzerland,1964.9875901576888
2022-11-28,Cameroon,1704.1307261142433
2022-11-28,Serbia,1961.4164834962908
2022-11-29,United States,1911.171087886727
2022-11-29,Wales,1800.718953763468
2022-11-29,England,2013.0566041079235
2022-11-29,Qatar,1684.7388138449267
2022-11-29,Ecuador,1979.7374842185936
2022-11-29,Senegal,1854.6760532251399
2022-11-29,Iran,1920.2559373880356
2022-11-29,Netherlands,2104.3704240330067
2022-11-30,Tunisia,1828.6986425425994
2022-11-30,Saudi Arabia,1766.9862417874053
2022-11-30,Poland,1907.3821221666867
2022-11-30,Australia,1862.3834704191304
2022-11-30,Denmark,2007.8653878114192
2022-11-30,Mexico,1840.0871660298862
2022-11-30,Argentina,2152.092003865358
2022-11-30,France,2091.626750913205
2022-12-01,Germany,2005.181687400429
2022-12-01,Canada,1854.5896874815055
2022-12-01,Croatia,2007.0986894264408
2022-12-01,Japan,1889.463437943807
2022-12-01,Costa Rica,1882.4749259856765
2022-12-01,Morocco,1944.879843145382
2022-12-01,Belgium,1996.6690461743767
2022-12-01,Spain,2123.0435218227713
2022-12-02,Ghana,1770.0810597737734
2022-12-02,Uruguay,1991.270066752654
2022-12-02,South Korea,1858.4370787298906
2022-12-02,Brazil,2256.288780867422
2022-12-02,Portugal,2103.2669413582184
2022-12-02,Switzerland,1959.1022028797524
2022-12-02,Cameroon,1716.854320557434
2022-12-02,Serbia,1948.6928890531
2022-12-03,United States,1950.2924599786174
2022-12-03,Netherlands,2116.705599701969
2022-12-03,Argentina,2179.3626798461787
2022-12-03,Australia,1896.2884142585199
2022-12-04,Poland,1880.1114461858658
2022-12-04,England,2049.1493987716062
2022-12-04,Senegal,1901.7812377465882
2022-12-04,France,2048.5063609440363
2022-12-05,Croatia,1997.8720573752514
2022-12-05,South Korea,1900.265378751138
2022-12-05,Brazil,2200.7173688873568
2022-12-05,Japan,1930.4610448673088
2022-12-06,Portugal,2061.438641336971
2022-12-06,Morocco,1975.7180402894608
2022-12-06,Switzerland,1996.6710643179395
2022-12-06,Spain,2082.0459148992695
2022-12-09,Brazil,2210.240269290215
2022-12-09,Croatia,2000.6777931157635
2022-12-09,Netherlands,2132.6777166333372
2022-12-09,Argentina,2185.3200033640614
2022-12-10,France,2064.3291552464593
2022-12-10,Portugal,2094.9415526504813
2022-12-10,Morocco,1976.2643724971606
2022-12-10,England,2069.523667574192
2022-12-13,Argentina,2189.3840588523212
2022-12-13,Croatia,2009.8365786174445
2022-12-14,Morocco,2007.8755381641354
2022-12-14,France,2103.1446336022036
2022-12-17,Morocco,1985.802218529496
2022-12-17,Croatia,1992.3331766372912
2022-12-18,France,2125.217953236843
2022-12-18,Argentina,2206.8874608324745
